,Unnamed: 0,text,canonical_form_1,canonical_form_2,canonical_form_3,category_1,category_2,category_3,severity_rating,severity_description
0,0.0,69,69,,,sexual anatomy / sexual acts,,,1.0,Mild
1,1.0,@55,ass,,,sexual anatomy / sexual acts,,,1.0,Mild
2,2.0,@ssfcker,fuck,ass,,sexual anatomy / sexual acts,sexual orientation / gender,,2.8,Severe
3,3.0,@ssfucker,fuck,ass,,sexual anatomy / sexual acts,sexual orientation / gender,,2.8,Severe
4,4.0,@ssfvcker,fuck,ass,,sexual anatomy / sexual acts,sexual orientation / gender,,2.4,Strong
5,5.0,@sshole,ass,,,sexual anatomy / sexual acts,,,1.6,Strong
6,6.0,0ral seks,sex,,,sexual anatomy / sexual acts,,,1.0,Mild
7,7.0,0ral sex,sex,,,sexual anatomy / sexual acts,,,1.8,Strong
8,8.0,0rg@sm,orgasm,,,sexual anatomy / sexual acts,,,1.0,Mild
9,9.0,0rgasms,orgasm,,,sexual anatomy / sexual acts,,,1.0,Mild
10,10.0,3jakulating,ejaculation,,,sexual anatomy / sexual acts,bodily fluids / excrement,,1.6,Strong
11,11.0,4r5e,arse,,,sexual anatomy / sexual acts,,,1.4,Mild
12,12.0,4r5ed,arse,,,sexual anatomy / sexual acts,,,1.4,Mild
13,13.0,4r5es,arse,,,sexual anatomy / sexual acts,,,1.4,Mild
14,14.0,4skin,foreskin,,,sexual anatomy / sexual acts,,,1.0,Mild
15,17.0,5kank,skank,,,sexual orientation / gender,,,2.0,Strong
16,18.0,a_s_s,ass,,,sexual anatomy / sexual acts,,,1.0,Mild
17,22.0,anal,anal,,,sexual anatomy / sexual acts,,,1.0,Mild
18,23.0,anal hole,anal,,,sexual anatomy / sexual acts,,,2.2,Strong
19,24.0,anal hore,anal,,,sexual anatomy / sexual acts,,,2.4,Strong
20,25.0,anal pirate,anal,,,sexual anatomy / sexual acts,,,2.2,Strong
21,26.0,analingus,anal,,,sexual anatomy / sexual acts,,,1.6,Strong
22,27.0,analplug,anal,,,sexual anatomy / sexual acts,,,2.2,Strong
23,28.0,analplugs,anal,,,sexual anatomy / sexual acts,,,2.0,Strong
24,29.0,anilingus,anal,,,sexual anatomy / sexual acts,,,1.8,Strong
25,30.0,animal fucker,fuck,,,sexual anatomy / sexual acts,animal references,,3.0,Severe
26,31.0,anus,anus,,,sexual anatomy / sexual acts,,,1.0,Mild
27,32.0,anus plug,anus,,,sexual anatomy / sexual acts,,,2.0,Strong
28,37.0,ar5e,arse,,,sexual anatomy / sexual acts,,,1.0,Mild
29,38.0,ar5ehole,arse,,,sexual anatomy / sexual acts,,,1.4,Mild
30,39.0,arse,arse,,,sexual anatomy / sexual acts,,,1.0,Mild
31,40.0,arse gobbler,arse,,,sexual anatomy / sexual acts,,,2.0,Strong
32,41.0,arse hole,arse,,,sexual anatomy / sexual acts,,,1.2,Mild
33,42.0,arse-bandit,arse,,,sexual orientation / gender,,,2.0,Strong
34,43.0,arse-bandits,arse,,,sexual anatomy / sexual acts,,,2.2,Strong
35,44.0,arse-fucker,fuck,arse,,sexual anatomy / sexual acts,sexual orientation / gender,,2.6,Severe
36,45.0,arse-fuckers,fuck,arse,,sexual anatomy / sexual acts,sexual orientation / gender,,2.6,Severe
37,46.0,arse-hole,arse,,,sexual anatomy / sexual acts,,,1.8,Strong
38,47.0,arse-shagger,arse,,,sexual anatomy / sexual acts,,,2.4,Strong
39,48.0,arsefuck,fuck,arse,,sexual anatomy / sexual acts,sexual orientation / gender,,2.8,Severe
40,49.0,arsefucker,fuck,arse,,sexual anatomy / sexual acts,sexual orientation / gender,,2.6,Severe
41,50.0,arsehole,arse,,,sexual anatomy / sexual acts,,,1.4,Mild
42,51.0,arseshit,arse,shit,,sexual anatomy / sexual acts,other / general insult,,1.8,Strong
43,52.0,arsewipe,arse,,,sexual anatomy / sexual acts,,,1.4,Mild
44,53.0,ashole,ass,,,sexual anatomy / sexual acts,,,1.6,Strong
45,54.0,ass,ass,,,sexual anatomy / sexual acts,,,1.0,Mild
46,55.0,ass bandit,ass,,,sexual anatomy / sexual acts,,,1.6,Strong
47,56.0,ass eating boiolas,ass,,,sexual anatomy / sexual acts,sexual orientation / gender,,2.8,Severe
48,57.0,ass eating nob jokeys,ass,,,sexual anatomy / sexual acts,sexual orientation / gender,,2.8,Severe
49,58.0,ass fecker,fuck,ass,,sexual anatomy / sexual acts,sexual orientation / gender,,2.6,Severe
50,59.0,ass fuck,fuck,ass,,sexual anatomy / sexual acts,sexual orientation / gender,,2.8,Severe
51,60.0,ass fucker,fuck,ass,,sexual anatomy / sexual acts,sexual orientation / gender,,2.6,Severe
52,61.0,ass fucking boiolas,fuck,ass,boiolas,sexual anatomy / sexual acts,sexual orientation / gender,,2.6,Severe
53,62.0,ass fucking nob jokeys,fuck,ass,knob,sexual anatomy / sexual acts,sexual orientation / gender,,2.6,Severe
54,63.0,ass hole,ass,,,sexual anatomy / sexual acts,,,1.2,Mild
55,64.0,ass kisser,ass,,,sexual anatomy / sexual acts,,,1.2,Mild
56,65.0,ass licking,ass,,,sexual anatomy / sexual acts,,,1.6,Strong
57,66.0,ass muncher,ass,,,sexual anatomy / sexual acts,sexual orientation / gender,,2.2,Strong
58,67.0,ass-bandit,ass,,,sexual anatomy / sexual acts,,,1.8,Strong
59,68.0,ass-fucker,fuck,ass,,sexual anatomy / sexual acts,sexual orientation / gender,,2.8,Severe
60,69.0,ass-fuckers,fuck,ass,,sexual anatomy / sexual acts,sexual orientation / gender,,2.6,Severe
61,70.0,ass-hole,ass,,,sexual anatomy / sexual acts,,,2.0,Strong
62,71.0,asses,ass,,,sexual anatomy / sexual acts,,,1.0,Mild
63,72.0,assface,ass,,,sexual anatomy / sexual acts,,,1.6,Strong
64,73.0,assfck,ass,fuck,,sexual anatomy / sexual acts,sexual orientation / gender,,2.6,Severe
65,74.0,assfcker,ass,fuck,,sexual anatomy / sexual acts,sexual orientation / gender,,2.8,Severe
66,75.0,assfk,ass,fuck,,sexual anatomy / sexual acts,sexual orientation / gender,,2.2,Strong
67,76.0,assfkcer,ass,fuck,,sexual anatomy / sexual acts,sexual orientation / gender,,2.6,Severe
68,77.0,assfker,ass,fuck,,sexual anatomy / sexual acts,sexual orientation / gender,,2.2,Strong
69,78.0,assfkr,ass,fuck,,sexual anatomy / sexual acts,sexual orientation / gender,,2.2,Strong
70,79.0,assfook,ass,fuck,,sexual anatomy / sexual acts,sexual orientation / gender,,2.6,Severe
71,80.0,assfuccer,ass,fuck,,sexual anatomy / sexual acts,sexual orientation / gender,,2.2,Strong
72,81.0,assfuck,fuck,ass,,sexual anatomy / sexual acts,sexual orientation / gender,,2.6,Severe
73,82.0,assfuck3r,fuck,ass,,sexual anatomy / sexual acts,sexual orientation / gender,,2.8,Severe
74,83.0,assfucker,fuck,ass,,sexual anatomy / sexual acts,sexual orientation / gender,,2.8,Severe
75,84.0,assfuckers,fuck,ass,,sexual anatomy / sexual acts,sexual orientation / gender,,2.8,Severe
76,85.0,assfuckerz,fuck,ass,,sexual anatomy / sexual acts,sexual orientation / gender,,2.4,Strong
77,86.0,assfukah,fuck,ass,,sexual anatomy / sexual acts,sexual orientation / gender,,2.4,Strong
78,87.0,assfukka,fuck,ass,,sexual anatomy / sexual acts,sexual orientation / gender,,2.8,Severe
79,88.0,assfukker,fuck,ass,,sexual anatomy / sexual acts,sexual orientation / gender,,2.6,Severe
80,89.0,assfukkerz,fuck,ass,,sexual anatomy / sexual acts,sexual orientation / gender,,2.8,Severe
81,90.0,assfvck3r,fuck,ass,,sexual anatomy / sexual acts,sexual orientation / gender,,3.0,Severe
82,91.0,assfvcker,fuck,ass,,sexual anatomy / sexual acts,sexual orientation / gender,,2.6,Severe
83,92.0,asshat,ass,,,sexual anatomy / sexual acts,,,1.2,Mild
84,93.0,asshol3,ass,,,sexual anatomy / sexual acts,,,1.8,Strong
85,94.0,asshole,ass,,,sexual anatomy / sexual acts,,,1.2,Mild
86,95.0,asshole fucker,fuck,ass,,sexual anatomy / sexual acts,sexual orientation / gender,,2.6,Severe
87,96.0,assholes,ass,,,sexual anatomy / sexual acts,,,1.6,Strong
88,97.0,assmunch,ass,,,sexual anatomy / sexual acts,,,1.8,Strong
89,98.0,assmuncher,ass,,,sexual anatomy / sexual acts,,,2.2,Strong
90,99.0,asswhole,ass,,,sexual anatomy / sexual acts,,,1.4,Mild
91,100.0,asswipe,ass,,,sexual anatomy / sexual acts,,,1.6,Strong
92,102.0,azz,ass,,,sexual anatomy / sexual acts,,,1.0,Mild
93,103.0,azzhole,ass,,,sexual anatomy / sexual acts,,,1.6,Strong
94,104.0,b to the inch,bitch,,,sexual orientation / gender,,,1.2,Mild
95,105.0,bÔºÅtch,bitch,,,sexual orientation / gender,,,1.4,Mild
96,106.0,b00bz,boobs,,,sexual anatomy / sexual acts,,,1.0,Mild
97,107.0,b0llock,bollocks,,,sexual anatomy / sexual acts,,,1.0,Mild
98,108.0,b0llocks,bollocks,,,sexual anatomy / sexual acts,,,1.2,Mild
99,109.0,b1+ch,bitch,,,sexual orientation / gender,,,1.0,Mild
100,110.0,b17ch,bitch,,,sexual orientation / gender,,,1.4,Mild
101,111.0,b1otch,bitch,,,sexual orientation / gender,,,1.4,Mild
102,112.0,b1otchs,bitch,,,sexual orientation / gender,,,1.2,Mild
103,113.0,b1tch,bitch,,,sexual orientation / gender,,,1.4,Mild
104,114.0,b1tch1ng,bitch,,,sexual orientation / gender,,,1.2,Mild
105,115.0,b1tch35,bitch,,,sexual orientation / gender,,,1.0,Mild
106,116.0,b1tch3s,bitch,,,sexual orientation / gender,,,1.4,Mild
107,117.0,b1tchees,bitch,,,sexual orientation / gender,,,1.4,Mild
108,118.0,b1tches,bitch,,,sexual orientation / gender,,,1.4,Mild
109,119.0,b1tchez,bitch,,,sexual orientation / gender,,,1.2,Mild
110,121.0,b1tching,bitch,,,sexual orientation / gender,,,1.2,Mild
111,122.0,b1tchs,bitch,,,sexual orientation / gender,,,1.4,Mild
112,123.0,b1tchy,bitch,,,sexual orientation / gender,,,1.2,Mild
113,124.0,baby batter,baby batter,,,bodily fluids / excrement,,,1.4,Mild
114,125.0,ballbag,bollocks,,,sexual anatomy / sexual acts,,,1.0,Mild
115,126.0,bangbros,bang,,,sexual anatomy / sexual acts,sexual orientation / gender,,1.6,Strong
116,134.0,basturd,bastard,,,bodily fluids / excrement,other / general insult,,1.2,Mild
117,135.0,bater,masturbate,,,sexual anatomy / sexual acts,,,1.6,Strong
118,136.0,bates,masturbate,,,sexual anatomy / sexual acts,,,1.0,Mild
119,139.0,bbc,cock,,,sexual anatomy / sexual acts,,,1.4,Mild
120,143.0,beat my meat,meat,,,sexual anatomy / sexual acts,,,1.2,Mild
121,144.0,beat off,beat off,,,sexual anatomy / sexual acts,,,1.2,Mild
122,145.0,beat the meat,meat,,,sexual anatomy / sexual acts,,,1.4,Mild
123,146.0,beat your meat,meat,,,sexual anatomy / sexual acts,,,1.4,Mild
124,147.0,beeotch,bitch,,,sexual orientation / gender,,,1.0,Mild
125,149.0,bellend,bellend,,,sexual anatomy / sexual acts,,,1.2,Mild
126,150.0,bender,bender,,,sexual orientation / gender,,,1.6,Strong
127,151.0,bewbs,boobs,,,sexual anatomy / sexual acts,,,1.0,Mild
128,152.0,beyoch,bitch,,,sexual orientation / gender,,,1.2,Mild
129,154.0,bi + ch,bitch,,,sexual orientation / gender,,,1.2,Mild
130,155.0,bi+ch,bitch,,,sexual orientation / gender,,,1.4,Mild
131,156.0,biatch,bitch,,,sexual orientation / gender,,,1.2,Mild
132,157.0,biches,bitch,,,sexual orientation / gender,,,1.4,Mild
133,158.0,biotch,bitch,,,sexual orientation / gender,,,1.0,Mild
134,159.0,biotches,bitch,,,sexual orientation / gender,,,1.2,Mild
135,160.0,biotchez,bitch,,,sexual orientation / gender,,,1.4,Mild
136,161.0,bishes,bitch,,,sexual orientation / gender,,,1.2,Mild
137,162.0,bitch,bitch,,,sexual orientation / gender,,,1.4,Mild
138,163.0,bitch3s,bitch,,,sexual orientation / gender,,,1.2,Mild
139,164.0,bitchass,bitch,ass,,sexual orientation / gender,other / general insult,,1.6,Strong
140,165.0,bitchasses,bitch,ass,,sexual anatomy / sexual acts,other / general insult,,1.8,Strong
141,166.0,bitched,bitch,,,sexual orientation / gender,,,1.2,Mild
142,167.0,bitcher,bitch,,,sexual orientation / gender,,,1.4,Mild
143,168.0,bitchers,bitch,,,sexual orientation / gender,,,1.4,Mild
144,169.0,bitches,bitch,,,sexual orientation / gender,,,1.6,Strong
145,170.0,bitchez,bitch,,,sexual orientation / gender,,,1.4,Mild
146,171.0,bitchfuck,fuck,bitch,,sexual anatomy / sexual acts,,,2.4,Strong
147,172.0,bitchhole,bitch,,,sexual anatomy / sexual acts,sexual orientation / gender,,2.4,Strong
148,175.0,bitching,bitch,,,sexual orientation / gender,,,1.0,Mild
149,176.0,bitchlike,bitch,,,sexual orientation / gender,,,1.2,Mild
150,177.0,bitchness,bitch,,,sexual orientation / gender,,,1.6,Strong
151,178.0,bitchs,bitch,,,sexual orientation / gender,,,1.0,Mild
152,179.0,bitchslap,bitch,,,sexual orientation / gender,other / general insult,,1.0,Mild
153,180.0,bitchtits,bitch,,,sexual anatomy / sexual acts,,,2.2,Strong
154,181.0,bitchy,bitch,,,sexual orientation / gender,,,1.2,Mild
155,182.0,bitchy ass,bitch,ass,,sexual anatomy / sexual acts,sexual orientation / gender,,1.8,Strong
156,183.0,bizzach,bitch,,,sexual orientation / gender,,,1.6,Strong
157,184.0,BJ,blowjob,,,sexual anatomy / sexual acts,,,1.6,Strong
158,186.0,blow a load,blow a load,,,bodily fluids / excrement,,,1.6,Strong
159,187.0,blow job,blowjob,,,sexual anatomy / sexual acts,,,2.0,Strong
160,188.0,blowjob,blowjob,,,sexual anatomy / sexual acts,,,1.2,Mild
161,189.0,blumpkin boy,blumpkin,,,sexual anatomy / sexual acts,,,2.4,Strong
162,190.0,boll0ck,bollocks,,,sexual anatomy / sexual acts,,,1.0,Mild
163,191.0,bollock,bollocks,,,sexual anatomy / sexual acts,,,1.0,Mild
164,192.0,bollockchops,bollocks,,,sexual anatomy / sexual acts,,,1.2,Mild
165,193.0,bollocks,bollocks,,,sexual anatomy / sexual acts,,,1.2,Mild
166,194.0,bollocktician,bollocks,,,sexual anatomy / sexual acts,,,1.4,Mild
167,195.0,bollox,bollocks,,,sexual anatomy / sexual acts,,,1.0,Mild
168,196.0,bondage,bondage,,,sexual anatomy / sexual acts,,,1.0,Mild
169,197.0,boner,boner,,,sexual anatomy / sexual acts,,,1.0,Mild
170,198.0,bonk juice,bonk,,,bodily fluids / excrement,,,1.6,Strong
171,199.0,boobs,boobs,,,sexual anatomy / sexual acts,,,1.0,Mild
172,200.0,booty,booty,,,sexual anatomy / sexual acts,,,1.0,Mild
173,201.0,breasticles,breast,,,sexual anatomy / sexual acts,,,1.4,Mild
174,202.0,breasts,breast,,,sexual anatomy / sexual acts,,,1.0,Mild
175,203.0,bugger,bugger,,,sexual anatomy / sexual acts,other / general insult,,1.2,Mild
176,204.0,bugger off,bugger,,,sexual anatomy / sexual acts,other / general insult,,1.0,Mild
177,209.0,bum-bandits,bum,,,sexual orientation / gender,,,1.8,Strong
178,210.0,bum-driller,bum,,,sexual anatomy / sexual acts,sexual orientation / gender,,2.8,Severe
179,211.0,bumhole,bum,,,sexual anatomy / sexual acts,,,1.0,Mild
180,212.0,bung hole,bung,,,sexual anatomy / sexual acts,,,1.0,Mild
181,213.0,butt fuck,fuck,butt,,sexual anatomy / sexual acts,sexual orientation / gender,,2.2,Strong
182,214.0,butt fucker,fuck,butt,,sexual anatomy / sexual acts,sexual orientation / gender,,3.0,Severe
183,215.0,butt hole,butt,,,sexual anatomy / sexual acts,,,1.0,Mild
184,216.0,butt pirate,butt,,,sexual orientation / gender,,,2.2,Strong
185,217.0,butt-fucker,fuck,butt,,sexual anatomy / sexual acts,sexual orientation / gender,,2.2,Strong
186,218.0,butt-fuckers,fuck,butt,,sexual anatomy / sexual acts,sexual orientation / gender,,2.8,Severe
187,219.0,butt-fucking-bandit,fuck,butt,,sexual anatomy / sexual acts,sexual orientation / gender,,2.6,Severe
188,220.0,butt-munchers,butt,,,sexual anatomy / sexual acts,,,2.0,Strong
189,222.0,buttfuck,fuck,butt,,sexual anatomy / sexual acts,sexual orientation / gender,,2.2,Strong
190,223.0,buttfucker,fuck,butt,,sexual anatomy / sexual acts,sexual orientation / gender,,3.0,Severe
191,224.0,buttfuckers,fuck,butt,,sexual anatomy / sexual acts,sexual orientation / gender,,3.0,Severe
192,225.0,butthole,butt,,,sexual anatomy / sexual acts,sexual orientation / gender,,1.2,Mild
193,226.0,butthole boy,butt,,,sexual anatomy / sexual acts,sexual orientation / gender,,2.6,Severe
194,227.0,bwc,cock,,,sexual anatomy / sexual acts,,,1.4,Mild
195,228.0,c*nt,cunt,,,sexual anatomy / sexual acts,sexual orientation / gender,,3.0,Severe
196,229.0,c*ntface,cunt,,,sexual anatomy / sexual acts,sexual orientation / gender,,3.0,Severe
197,230.0,c*nts,cunt,,,sexual orientation / gender,,,2.8,Severe
198,231.0,c*nty,cunt,,,sexual anatomy / sexual acts,sexual orientation / gender,,2.8,Severe
199,234.0,c0ck,cock,,,sexual anatomy / sexual acts,,,1.2,Mild
200,235.0,c0ckhead,cock,,,sexual anatomy / sexual acts,,,2.0,Strong
201,236.0,c0cks,cock,,,sexual anatomy / sexual acts,,,1.6,Strong
202,237.0,c0cksuccer,cock,,,sexual anatomy / sexual acts,,,2.0,Strong
203,238.0,c0cksucked,cock,,,sexual anatomy / sexual acts,,,2.0,Strong
204,239.0,c0cksucker,cock,,,sexual anatomy / sexual acts,,,2.2,Strong
205,240.0,c0cksuckers,cock,,,sexual anatomy / sexual acts,,,2.2,Strong
206,241.0,c0x,cock,,,sexual anatomy / sexual acts,,,1.4,Mild
207,242.0,c0xux0r,cock,,,sexual anatomy / sexual acts,,,1.8,Strong
208,243.0,caaak,cock,,,sexual anatomy / sexual acts,,,1.4,Mild
209,245.0,cack,cock,,,bodily fluids / excrement,,,1.2,Mild
210,246.0,cagone,cojones,,,bodily fluids / excrement,,,1.2,Mild
211,247.0,cajones,cojones,,,sexual anatomy / sexual acts,,,1.0,Mild
212,249.0,cameltoe,cameltoe,,,sexual anatomy / sexual acts,,,1.2,Mild
213,250.0,carpet muncher,carpet muncher,,,sexual anatomy / sexual acts,,,2.4,Strong
214,251.0,carpetmuncher,carpet muncher,,,sexual anatomy / sexual acts,,,2.6,Severe
215,252.0,carpetmunchers,carpet muncher,,,sexual orientation / gender,,,2.2,Strong
216,253.0,carpetmunching,carpet muncher,,,sexual anatomy / sexual acts,,,1.6,Strong
217,254.0,cawk,cock,,,sexual anatomy / sexual acts,,,1.4,Mild
218,255.0,cawk muncher,cock,,,sexual anatomy / sexual acts,,,2.4,Strong
219,256.0,cawkmuncher,cock,,,sexual anatomy / sexual acts,,,2.2,Strong
220,257.0,cawks,cock,,,sexual anatomy / sexual acts,,,1.2,Mild
221,258.0,cawksucker,cock,,,sexual anatomy / sexual acts,,,2.6,Severe
222,260.0,chesticles,testicles,,,sexual anatomy / sexual acts,,,1.0,Mild
223,267.0,choad nectar,choad,,,bodily fluids / excrement,,,2.0,Strong
224,268.0,chocha,chocha,,,sexual anatomy / sexual acts,,,2.4,Strong
225,269.0,choke the chicken,choke the chicken,,,sexual anatomy / sexual acts,,,1.4,Mild
226,271.0,clitlickers,clit,,,sexual anatomy / sexual acts,,,2.0,Strong
227,272.0,closet fuckhead,fuck,,,sexual orientation / gender,,,2.8,Severe
228,273.0,clusterfuck,fuck,,,sexual anatomy / sexual acts,,,1.8,Strong
229,274.0,clusterfucked,fuck,,,sexual anatomy / sexual acts,,,2.2,Strong
230,275.0,clusterfucker,fuck,,,sexual anatomy / sexual acts,,,2.4,Strong
231,276.0,clusterfucking,fuck,,,sexual anatomy / sexual acts,,,2.0,Strong
232,277.0,clusterfucks,fuck,,,sexual anatomy / sexual acts,,,2.0,Strong
233,278.0,cobb knobbler,knob,,,sexual anatomy / sexual acts,other / general insult,,1.8,Strong
234,279.0,cock,cock,,,sexual anatomy / sexual acts,,,1.4,Mild
235,280.0,cock droplets,cock,,,bodily fluids / excrement,sexual anatomy / sexual acts,,2.4,Strong
236,281.0,cock head,cock,,,sexual anatomy / sexual acts,,,2.0,Strong
237,282.0,cock jockey,cock,,,sexual anatomy / sexual acts,,,2.4,Strong
238,283.0,cock knocker,cock,,,sexual anatomy / sexual acts,,,1.8,Strong
239,284.0,cock licker,cock,,,sexual anatomy / sexual acts,,,2.0,Strong
240,285.0,cock munch,cock,,,sexual anatomy / sexual acts,,,2.0,Strong
241,286.0,cock rider,cock,,,sexual anatomy / sexual acts,sexual orientation / gender,,2.4,Strong
242,287.0,cock smoker,cock,,,sexual anatomy / sexual acts,,,2.2,Strong
243,288.0,cock snot,cock,,,sexual anatomy / sexual acts,bodily fluids / excrement,,2.2,Strong
244,289.0,cock suck,cock,,,sexual anatomy / sexual acts,,,1.8,Strong
245,290.0,cock sucker,cock,,,sexual anatomy / sexual acts,,,2.4,Strong
246,291.0,cock sucking,cock,,,sexual anatomy / sexual acts,,,2.2,Strong
247,292.0,cock sucking boiolas,cock,,,sexual anatomy / sexual acts,sexual orientation / gender,,2.6,Severe
248,293.0,cock sucking nob jokeys,cock,knob,,sexual anatomy / sexual acts,sexual orientation / gender,,2.8,Severe
249,294.0,cock tease,cock,,,sexual anatomy / sexual acts,,,1.8,Strong
250,295.0,cock-face,cock,,,sexual anatomy / sexual acts,,,2.2,Strong
251,296.0,cock-gobbler,cock,,,sexual anatomy / sexual acts,,,2.4,Strong
252,297.0,cock-head,cock,,,sexual anatomy / sexual acts,,,1.8,Strong
253,298.0,cock-sucker,cock,,,sexual anatomy / sexual acts,,,2.0,Strong
254,299.0,cock-suckers,cock,,,sexual anatomy / sexual acts,,,2.0,Strong
255,300.0,cockboy,cock,,,sexual anatomy / sexual acts,,,2.4,Strong
256,301.0,cockeater,cock,,,sexual anatomy / sexual acts,,,2.2,Strong
257,302.0,cockface,cock,,,sexual anatomy / sexual acts,,,2.0,Strong
258,303.0,cockgobbler,cock,,,sexual anatomy / sexual acts,,,1.8,Strong
259,304.0,cockh3ad,cock,,,sexual anatomy / sexual acts,,,2.4,Strong
260,305.0,cockhead,cock,,,sexual anatomy / sexual acts,,,1.8,Strong
261,306.0,cockheads,cock,,,sexual anatomy / sexual acts,,,2.4,Strong
262,307.0,cockhed,cock,,,sexual anatomy / sexual acts,,,2.0,Strong
263,308.0,cockless,cock,,,sexual anatomy / sexual acts,,,1.4,Mild
264,309.0,cocklicker,cock,,,sexual anatomy / sexual acts,,,2.2,Strong
265,310.0,cockmonger,cock,,,sexual anatomy / sexual acts,,,2.2,Strong
266,311.0,cockmunch,cock,,,sexual anatomy / sexual acts,,,2.2,Strong
267,312.0,cockmuncher,cock,,,sexual anatomy / sexual acts,,,1.8,Strong
268,313.0,cocks,cock,,,sexual anatomy / sexual acts,,,1.6,Strong
269,314.0,cockshit,cock,shit,,sexual anatomy / sexual acts,bodily fluids / excrement,,2.2,Strong
270,315.0,cockskin,cock,,,sexual anatomy / sexual acts,,,1.8,Strong
271,316.0,cocksmoker,cock,,,sexual anatomy / sexual acts,,,2.2,Strong
272,317.0,cocksucc,cock,,,sexual anatomy / sexual acts,,,2.0,Strong
273,318.0,cocksuccas,cock,,,sexual anatomy / sexual acts,,,2.2,Strong
274,319.0,cocksuccer,cock,,,sexual anatomy / sexual acts,,,2.2,Strong
275,320.0,cocksuccers,cock,,,sexual anatomy / sexual acts,,,2.2,Strong
276,321.0,cocksuck,cock,,,sexual anatomy / sexual acts,,,2.2,Strong
277,322.0,cocksuckas,cock,,,sexual anatomy / sexual acts,,,2.4,Strong
278,323.0,cocksucked,cock,,,sexual anatomy / sexual acts,,,2.0,Strong
279,324.0,cocksucker,cock,,,sexual anatomy / sexual acts,,,2.2,Strong
280,325.0,cocksuckers,cock,,,sexual anatomy / sexual acts,,,2.2,Strong
281,326.0,cocksucking,cock,,,sexual anatomy / sexual acts,,,2.4,Strong
282,327.0,cocksucking mothafuckers,motherfucker,cock,,sexual anatomy / sexual acts,other / general insult,,3.0,Severe
283,328.0,cocksucks,cock,,,sexual anatomy / sexual acts,,,2.2,Strong
284,329.0,cocksuk,cock,,,sexual anatomy / sexual acts,,,2.0,Strong
285,330.0,cocksuka,cock,,,sexual anatomy / sexual acts,,,2.0,Strong
286,331.0,cocksukka,cock,,,sexual anatomy / sexual acts,,,2.2,Strong
287,332.0,cocsuck,cock,,,sexual anatomy / sexual acts,,,2.0,Strong
288,333.0,cokmuncher,cock,,,sexual anatomy / sexual acts,,,2.2,Strong
289,334.0,coksucka,cock,,,sexual anatomy / sexual acts,,,1.8,Strong
290,342.0,coot,coot,,,sexual anatomy / sexual acts,,,1.6,Strong
291,343.0,coot coot,coot,,,sexual anatomy / sexual acts,,,1.4,Mild
292,344.0,cooter,coot,,,sexual anatomy / sexual acts,,,1.2,Mild
293,345.0,cooter shooting,coot,,,sexual anatomy / sexual acts,,,2.6,Severe
294,346.0,cooterpuffing,coot,,,sexual anatomy / sexual acts,,,2.4,Strong
295,349.0,crazy mofos,motherfucker,,,sexual anatomy / sexual acts,other / general insult,,1.4,Mild
296,351.0,creampie,creampie,,,sexual anatomy / sexual acts,bodily fluids / excrement,,2.2,Strong
297,352.0,crotch,crotch,,,sexual anatomy / sexual acts,,,1.0,Mild
298,353.0,crotch fiddler,crotch,,,sexual anatomy / sexual acts,,,2.2,Strong
299,354.0,crotchy,crotch,,,sexual anatomy / sexual acts,,,1.4,Mild
300,357.0,cuksuker,cock,,,sexual anatomy / sexual acts,,,2.4,Strong
301,358.0,cuksukka,cock,,,sexual anatomy / sexual acts,,,2.2,Strong
302,359.0,cum goon,cum,,,sexual anatomy / sexual acts,bodily fluids / excrement,,2.0,Strong
303,360.0,cumball,cum,,,bodily fluids / excrement,,,2.4,Strong
304,361.0,cumdumpster,cum,,,bodily fluids / excrement,,,2.8,Severe
305,362.0,cumming,cum,,,bodily fluids / excrement,,,1.6,Strong
306,363.0,cums,cum,,,bodily fluids / excrement,,,1.4,Mild
307,364.0,cumslut,cum,,,bodily fluids / excrement,other / general insult,,2.8,Severe
308,365.0,cumz,cum,,,bodily fluids / excrement,,,2.0,Strong
309,366.0,cunnilingus,cunnilingus,,,sexual anatomy / sexual acts,,,2.0,Strong
310,367.0,cunt,cunt,,,sexual anatomy / sexual acts,,,2.6,Severe
311,368.0,cunt ass,cunt,ass,,sexual anatomy / sexual acts,sexual orientation / gender,,2.8,Severe
312,369.0,cunt fart,cunt,fart,,sexual anatomy / sexual acts,bodily fluids / excrement,,2.6,Severe
313,370.0,cunt lick,cunt,,,sexual anatomy / sexual acts,,,3.0,Severe
314,371.0,cunt licker,cunt,,,sexual anatomy / sexual acts,,,3.0,Severe
315,372.0,cunt lips,cunt,,,sexual anatomy / sexual acts,,,2.8,Severe
316,373.0,cuntasaurus rex,cunt,,,sexual anatomy / sexual acts,animal references,,2.8,Severe
317,374.0,cuntbag,cunt,,,sexual anatomy / sexual acts,,,3.0,Severe
318,375.0,cuntbollock,cunt,,,sexual anatomy / sexual acts,,,2.2,Strong
319,376.0,cuntelope,cunt,,,sexual anatomy / sexual acts,,,2.4,Strong
320,377.0,cuntits,cunt,tits,,sexual anatomy / sexual acts,,,2.8,Severe
321,378.0,cuntless,cunt,,,sexual anatomy / sexual acts,,,2.8,Severe
322,379.0,cuntlick,cunt,,,sexual anatomy / sexual acts,,,3.0,Severe
323,380.0,cuntlicker,cunt,,,sexual anatomy / sexual acts,,,2.4,Strong
324,381.0,cuntlickers,cunt,,,sexual anatomy / sexual acts,,,2.6,Severe
325,382.0,cuntness,cunt,,,sexual anatomy / sexual acts,,,3.0,Severe
326,383.0,cunts,cunt,,,sexual anatomy / sexual acts,,,2.6,Severe
327,384.0,cunty,cunt,,,sexual anatomy / sexual acts,,,2.8,Severe
328,385.0,cuntz,cunt,,,sexual anatomy / sexual acts,,,2.8,Severe
329,386.0,cuunt,cunt,,,sexual anatomy / sexual acts,,,2.6,Severe
330,387.0,cyberfck,fuck,,,sexual anatomy / sexual acts,,,2.2,Strong
331,388.0,cyberfcks,fuck,,,sexual anatomy / sexual acts,,,2.4,Strong
332,389.0,cyberfuccs,fuck,,,sexual anatomy / sexual acts,,,2.2,Strong
333,390.0,cyberfucks,fuck,,,sexual anatomy / sexual acts,,,2.2,Strong
334,391.0,cyberfucs,fuck,,,sexual anatomy / sexual acts,,,2.0,Strong
335,392.0,cyberfukk,fuck,,,sexual anatomy / sexual acts,,,2.0,Strong
336,393.0,cyberfukks,fuck,,,sexual anatomy / sexual acts,other / general insult,,2.2,Strong
337,394.0,cyberfvcks,fuck,,,sexual anatomy / sexual acts,,,2.2,Strong
338,395.0,d!ck,dick,,,sexual anatomy / sexual acts,,,1.0,Mild
339,396.0,d!cks,dick,,,sexual anatomy / sexual acts,,,1.0,Mild
340,397.0,d!ld0,dildo,,,sexual anatomy / sexual acts,,,1.4,Mild
341,398.0,d!ldo,dildo,,,sexual anatomy / sexual acts,,,1.4,Mild
342,399.0,d0ggy style,doggy style,,,sexual anatomy / sexual acts,,,1.8,Strong
343,400.0,d1ck,dick,,,sexual anatomy / sexual acts,,,1.0,Mild
344,401.0,d1ckhead,dick,,,sexual anatomy / sexual acts,,,1.8,Strong
345,402.0,d1ckheads,dick,,,sexual anatomy / sexual acts,,,1.8,Strong
346,403.0,d1cks,dick,,,sexual anatomy / sexual acts,,,1.4,Mild
347,404.0,d1cksucker,dick,,,sexual anatomy / sexual acts,,,1.8,Strong
348,405.0,d1cksukka,dick,,,sexual anatomy / sexual acts,,,2.0,Strong
349,406.0,d1ckz,dick,,,sexual anatomy / sexual acts,,,1.0,Mild
350,407.0,d1ldo,dildo,,,sexual anatomy / sexual acts,,,1.4,Mild
351,408.0,dafuq,fuck,,,sexual anatomy / sexual acts,,,2.2,Strong
352,411.0,darkfuck,fuck,darky,,sexual anatomy / sexual acts,racial / ethnic slurs,,2.4,Strong
353,416.0,dick breath,dick,,,sexual anatomy / sexual acts,,,2.0,Strong
354,417.0,dick face,dick,,,sexual anatomy / sexual acts,,,1.8,Strong
355,418.0,dick fucker,fuck,dick,,sexual anatomy / sexual acts,sexual orientation / gender,,2.8,Severe
356,419.0,dick head,dick,,,sexual anatomy / sexual acts,,,1.8,Strong
357,420.0,dick licker,dick,,,sexual anatomy / sexual acts,,,2.4,Strong
358,421.0,dick milker,dick,,,sexual anatomy / sexual acts,,,2.2,Strong
359,422.0,dick nibbler,dick,,,sexual anatomy / sexual acts,,,2.4,Strong
360,423.0,dick smoker,dick,,,sexual anatomy / sexual acts,,,2.4,Strong
361,424.0,dick sucker,dick,,,sexual anatomy / sexual acts,,,2.2,Strong
362,425.0,dick-face,dick,,,sexual anatomy / sexual acts,,,1.8,Strong
363,426.0,dick-gobbler,dick,,,sexual anatomy / sexual acts,,,1.8,Strong
364,427.0,dick-head,dick,,,sexual anatomy / sexual acts,,,1.8,Strong
365,428.0,dickface,dick,,,sexual anatomy / sexual acts,,,2.0,Strong
366,429.0,dickfucker,dick,fuck,,sexual anatomy / sexual acts,sexual orientation / gender,,2.8,Severe
367,430.0,dickhead,dick,,,sexual anatomy / sexual acts,,,2.0,Strong
368,431.0,dickheads,dick,,,sexual anatomy / sexual acts,,,1.6,Strong
369,432.0,dickjockies,dick,,,sexual anatomy / sexual acts,,,2.2,Strong
370,433.0,dickless,dick,,,sexual anatomy / sexual acts,,,1.4,Mild
371,434.0,dicklicker,dick,,,sexual anatomy / sexual acts,,,2.2,Strong
372,435.0,dickmuncher,dick,,,sexual anatomy / sexual acts,,,2.0,Strong
373,436.0,dicks,dick,,,sexual anatomy / sexual acts,,,1.0,Mild
374,437.0,dickskin,dick,,,sexual anatomy / sexual acts,,,1.8,Strong
375,438.0,dickslapper,dick,,,sexual anatomy / sexual acts,,,1.8,Strong
376,439.0,dicksmoker,dick,,,sexual anatomy / sexual acts,,,2.8,Severe
377,440.0,dicksucker,dick,,,sexual anatomy / sexual acts,,,2.2,Strong
378,441.0,dickvag,dick,,,sexual anatomy / sexual acts,,,1.6,Strong
379,442.0,dickz,dick,,,sexual anatomy / sexual acts,,,1.2,Mild
380,443.0,diddle,diddle,,,sexual anatomy / sexual acts,,,1.0,Mild
381,444.0,dikhead,dick,,,sexual anatomy / sexual acts,,,1.6,Strong
382,445.0,diks,dick,,,sexual anatomy / sexual acts,,,1.2,Mild
383,446.0,dild0,dildo,,,sexual anatomy / sexual acts,,,1.0,Mild
384,456.0,dipstick,dipstick,,,sexual anatomy / sexual acts,mental disability,,1.2,Mild
385,457.0,dirty sanchez,dirty sanchez,,,sexual anatomy / sexual acts,,,2.4,Strong
386,458.0,dix,dick,,,sexual anatomy / sexual acts,,,1.0,Mild
387,459.0,dlck,dick,,,sexual anatomy / sexual acts,,,1.2,Mild
388,460.0,dlcks,dick,,,sexual anatomy / sexual acts,,,1.0,Mild
389,461.0,dog fuck,fuck,,,sexual anatomy / sexual acts,animal references,,2.8,Severe
390,462.0,dog fucker,fuck,,,sexual anatomy / sexual acts,animal references,,3.0,Severe
391,463.0,dog fucking,fuck,,,sexual anatomy / sexual acts,animal references,,2.8,Severe
392,465.0,dog-fucker,fuck,,,sexual anatomy / sexual acts,animal references,,2.8,Severe
393,466.0,dog's bollocks,bollocks,,,sexual anatomy / sexual acts,animal references,,1.2,Mild
394,467.0,doggo style,doggy style,,,sexual anatomy / sexual acts,animal references,,1.2,Mild
395,468.0,doggy style,doggy style,,,sexual anatomy / sexual acts,,,1.4,Mild
396,469.0,doggy_style,doggy style,,,sexual anatomy / sexual acts,animal references,,1.4,Mild
397,470.0,dogie style,doggy style,,,sexual anatomy / sexual acts,,,1.0,Mild
398,475.0,dogstyle,doggy style,,,sexual anatomy / sexual acts,,,1.0,Mild
399,477.0,dong,dong,,,sexual anatomy / sexual acts,,,1.2,Mild
400,480.0,double dick,dick,,,sexual anatomy / sexual acts,,,1.6,Strong
401,481.0,double dicking,dick,,,sexual anatomy / sexual acts,,,2.2,Strong
402,482.0,double pen,double pen,,,sexual anatomy / sexual acts,,,1.2,Mild
403,483.0,double-dong,dong,,,sexual anatomy / sexual acts,,,1.4,Mild
404,488.0,dumasses,ass,,,sexual anatomy / sexual acts,mental disability,,1.0,Mild
405,490.0,dumb fucker,fuck,,,sexual anatomy / sexual acts,mental disability,,2.0,Strong
406,491.0,dumb@ss,ass,,,sexual anatomy / sexual acts,mental disability,,1.2,Mild
407,494.0,dumbass fucker,fuck,ass,,sexual anatomy / sexual acts,mental disability,,2.6,Severe
408,495.0,dumbass mofoes,ass,motherfucker,,sexual anatomy / sexual acts,mental disability,,2.4,Strong
409,496.0,dumbass mothafuckers,motherfucker,ass,,sexual anatomy / sexual acts,mental disability,other / general insult,2.8,Severe
410,497.0,dumbass son-of-a-bitch,bitch,ass,,sexual anatomy / sexual acts,sexual orientation / gender,other / general insult,1.8,Strong
411,498.0,dumbasses,ass,,,sexual anatomy / sexual acts,mental disability,,1.0,Mild
412,499.0,dumbfucks,fuck,,,sexual anatomy / sexual acts,mental disability,,2.2,Strong
413,501.0,dump a load,dump a load,,,bodily fluids / excrement,,,1.6,Strong
414,504.0,erectoplasm,erectoplasm,,,bodily fluids / excrement,,,1.8,Strong
415,505.0,f_u_c_k,fuck,,,sexual anatomy / sexual acts,,,2.2,Strong
416,506.0,f'ed,fuck,,,sexual anatomy / sexual acts,,,1.8,Strong
417,507.0,f'er,fuck,,,sexual anatomy / sexual acts,,,1.6,Strong
418,508.0,f@ck,fuck,,,sexual anatomy / sexual acts,,,1.6,Strong
419,509.0,f@cker bunny,fuck,,,sexual anatomy / sexual acts,,,2.2,Strong
420,516.0,f@k,fuck,,,sexual anatomy / sexual acts,,,1.8,Strong
421,517.0,f0ck,fuck,,,sexual anatomy / sexual acts,,,2.0,Strong
422,518.0,f0cked,fuck,,,sexual anatomy / sexual acts,,,2.0,Strong
423,519.0,f0cker,fuck,,,sexual anatomy / sexual acts,,,2.4,Strong
424,520.0,f0ckers,fuck,,,sexual anatomy / sexual acts,,,2.2,Strong
425,521.0,face fuck,fuck,,,sexual anatomy / sexual acts,,,2.8,Severe
426,522.0,fack,fuck,,,sexual anatomy / sexual acts,,,1.4,Mild
427,523.0,fackuhs,fuck,,,sexual anatomy / sexual acts,,,2.0,Strong
428,536.0,faggot mothafuckers,motherfucker,faggot,,sexual anatomy / sexual acts,sexual orientation / gender,,3.0,Severe
429,547.0,fart-fucker,fuck,,,sexual anatomy / sexual acts,bodily fluids / excrement,,2.2,Strong
430,548.0,fatass,ass,,,sexual anatomy / sexual acts,physical attributes,,1.2,Mild
431,549.0,fatasses,ass,,,sexual anatomy / sexual acts,physical attributes,,1.2,Mild
432,550.0,fccuker,fuck,,,sexual anatomy / sexual acts,,,2.0,Strong
433,551.0,fck,fuck,,,sexual anatomy / sexual acts,,,2.4,Strong
434,552.0,fck you,fuck,,,sexual anatomy / sexual acts,other / general insult,,2.2,Strong
435,553.0,fcka,fuck,,,sexual anatomy / sexual acts,,,1.8,Strong
436,554.0,fckahz,fuck,,,sexual anatomy / sexual acts,other / general insult,,2.2,Strong
437,555.0,fcked,fuck,,,sexual anatomy / sexual acts,,,2.0,Strong
438,556.0,fckedup,fuck,,,sexual anatomy / sexual acts,other / general insult,,2.0,Strong
439,557.0,fcker,fuck,,,sexual anatomy / sexual acts,,,2.2,Strong
440,558.0,fckin,fuck,,,sexual anatomy / sexual acts,,,2.0,Strong
441,559.0,fcking,fuck,,,sexual anatomy / sexual acts,,,2.2,Strong
442,560.0,Fckk,fuck,,,sexual anatomy / sexual acts,other / general insult,,2.2,Strong
443,561.0,fckked,fuck,,,sexual anatomy / sexual acts,other / general insult,,2.0,Strong
444,562.0,fckking,fuck,,,sexual anatomy / sexual acts,other / general insult,,2.2,Strong
445,563.0,fcks,fuck,,,sexual anatomy / sexual acts,,,2.0,Strong
446,564.0,fcktard,fuck,retard,,sexual anatomy / sexual acts,mental disability,,2.8,Severe
447,566.0,fcuk,fuck,,,sexual anatomy / sexual acts,,,2.0,Strong
448,567.0,fcuked,fuck,,,sexual anatomy / sexual acts,other / general insult,,2.2,Strong
449,568.0,fcuker,fuck,,,sexual anatomy / sexual acts,,,2.4,Strong
450,569.0,fcukers,fuck,,,sexual anatomy / sexual acts,other / general insult,,2.2,Strong
451,570.0,fcuking,fuck,,,sexual anatomy / sexual acts,other / general insult,,2.2,Strong
452,571.0,fcukker,fuck,,,sexual anatomy / sexual acts,other / general insult,,2.2,Strong
453,572.0,fcuks,fuck,,,sexual anatomy / sexual acts,,,2.2,Strong
454,573.0,fcvking,fuck,,,sexual anatomy / sexual acts,,,2.2,Strong
455,574.0,feck,fuck,,,sexual anatomy / sexual acts,,,1.6,Strong
456,575.0,feck arse,arse,,,sexual anatomy / sexual acts,sexual orientation / gender,,2.2,Strong
457,576.0,fecker,fuck,,,sexual anatomy / sexual acts,,,2.2,Strong
458,578.0,fellatio aficionado,fellatio,,,sexual anatomy / sexual acts,,,2.0,Strong
459,579.0,fellator,fellatio,,,sexual anatomy / sexual acts,,,1.6,Strong
460,580.0,fick,fuck,,,sexual anatomy / sexual acts,,,1.6,Strong
461,581.0,finger,finger,,,sexual anatomy / sexual acts,,,1.0,Mild
462,582.0,finger fuck,fuck,,,sexual anatomy / sexual acts,,,2.6,Severe
463,583.0,fingerbanged,finger,,,sexual anatomy / sexual acts,,,1.6,Strong
464,584.0,fingerpop,finger,,,sexual anatomy / sexual acts,,,1.4,Mild
465,585.0,fk bunny,fuck,,,sexual anatomy / sexual acts,,,2.0,Strong
466,586.0,fkbny,fuck,,,sexual anatomy / sexual acts,,,1.6,Strong
467,587.0,fked,fuck,,,sexual anatomy / sexual acts,other / general insult,,2.0,Strong
468,588.0,fker,fuck,,,sexual anatomy / sexual acts,other / general insult,,2.4,Strong
469,589.0,fking,fuck,,,sexual anatomy / sexual acts,other / general insult,,2.2,Strong
470,590.0,fkings,fuck,,,sexual anatomy / sexual acts,,,1.8,Strong
471,591.0,fkker,fuck,,,sexual anatomy / sexual acts,other / general insult,,2.2,Strong
472,592.0,flamer,flamer,,,sexual orientation / gender,,,2.0,Strong
473,593.0,flamers,flamer,,,sexual orientation / gender,,,2.8,Severe
474,594.0,focker,fuck,,,sexual anatomy / sexual acts,other / general insult,,2.0,Strong
475,595.0,fook,fuck,,,sexual anatomy / sexual acts,other / general insult,,1.6,Strong
476,596.0,fooker,fuck,,,sexual anatomy / sexual acts,other / general insult,,1.8,Strong
477,597.0,fookuh,fuck,,,sexual anatomy / sexual acts,,,1.8,Strong
478,598.0,forked,fuck,,,sexual anatomy / sexual acts,,,1.0,Mild
479,599.0,fothermuckers,motherfucker,,,sexual anatomy / sexual acts,,,1.8,Strong
480,600.0,fuc,fuck,,,sexual anatomy / sexual acts,,,1.6,Strong
481,601.0,fucc,fuck,,,sexual anatomy / sexual acts,other / general insult,,2.0,Strong
482,602.0,fucca,fuck,,,sexual anatomy / sexual acts,other / general insult,,2.0,Strong
483,603.0,fuccers,fuck,,,sexual anatomy / sexual acts,,,2.2,Strong
484,604.0,fuccing,fuck,,,sexual anatomy / sexual acts,other / general insult,,2.6,Severe
485,605.0,fuccs,fuck,,,sexual anatomy / sexual acts,other / general insult,,2.0,Strong
486,606.0,Fuck,fuck,,,sexual anatomy / sexual acts,,,2.0,Strong
487,607.0,fuck arse,fuck,arse,,sexual anatomy / sexual acts,sexual orientation / gender,,2.4,Strong
488,608.0,fuck face,fuck,,,sexual anatomy / sexual acts,,,2.4,Strong
489,609.0,fuck faces,fuck,,,sexual anatomy / sexual acts,other / general insult,,2.2,Strong
490,610.0,fuck goblin,fuck,,,sexual anatomy / sexual acts,other / general insult,,2.2,Strong
491,611.0,fuck head,fuck,,,sexual anatomy / sexual acts,,,2.4,Strong
492,612.0,fuck off,fuck,,,sexual anatomy / sexual acts,other / general insult,,2.0,Strong
493,613.0,fuck up,fuck,,,sexual anatomy / sexual acts,other / general insult,,1.8,Strong
494,614.0,fuck y0u,fuck,,,sexual anatomy / sexual acts,other / general insult,,2.4,Strong
495,615.0,fuck you,fuck,,,sexual anatomy / sexual acts,other / general insult,,2.4,Strong
496,616.0,fuck your,fuck,,,sexual anatomy / sexual acts,other / general insult,,2.4,Strong
497,617.0,fuck your mother,fuck,motherfucker,,sexual anatomy / sexual acts,other / general insult,,2.8,Severe
498,618.0,fucka,fuck,,,sexual anatomy / sexual acts,other / general insult,,2.2,Strong
499,619.0,fuckahs,fuck,,,sexual anatomy / sexual acts,other / general insult,,2.0,Strong
500,620.0,fuckass,fuck,ass,,sexual anatomy / sexual acts,,,2.4,Strong
501,621.0,fuckasses,fuck,ass,,sexual anatomy / sexual acts,,,2.4,Strong
502,622.0,fuckaz,fuck,ass,,sexual anatomy / sexual acts,other / general insult,,2.2,Strong
503,623.0,fuckbag,fuck,,,sexual anatomy / sexual acts,,,2.6,Severe
504,624.0,fuckboy,fuck,,,sexual anatomy / sexual acts,other / general insult,,2.6,Severe
505,625.0,fucked,fuck,,,sexual anatomy / sexual acts,other / general insult,,1.8,Strong
506,626.0,fucked up,fuck,,,sexual anatomy / sexual acts,other / general insult,,2.2,Strong
507,627.0,fuckem,fuck,,,sexual anatomy / sexual acts,other / general insult,,2.2,Strong
508,628.0,fucker,fuck,,,sexual anatomy / sexual acts,,,2.2,Strong
509,629.0,fucker off,fuck,,,sexual anatomy / sexual acts,,,2.0,Strong
510,630.0,fuckers,fuck,,,sexual anatomy / sexual acts,,,2.4,Strong
511,631.0,fuckface,fuck,,,sexual anatomy / sexual acts,other / general insult,,2.2,Strong
512,632.0,fuckfaces,fuck,,,sexual anatomy / sexual acts,other / general insult,,2.2,Strong
513,633.0,fuckhead,fuck,,,sexual anatomy / sexual acts,,,2.2,Strong
514,634.0,fuckheaded,fuck,,,sexual anatomy / sexual acts,mental disability,,2.6,Severe
515,635.0,fuckheads,fuck,,,sexual anatomy / sexual acts,,,2.6,Severe
516,636.0,fuckin,fuck,,,sexual anatomy / sexual acts,other / general insult,,2.0,Strong
517,637.0,fucking,fuck,,,sexual anatomy / sexual acts,,,2.2,Strong
518,638.0,fucking A,fuck,,,sexual anatomy / sexual acts,other / general insult,,2.4,Strong
519,639.0,fucking asshole,fuck,ass,,sexual anatomy / sexual acts,other / general insult,,2.8,Severe
520,640.0,fucking bastard,fuck,bastard,,sexual anatomy / sexual acts,other / general insult,,2.4,Strong
521,641.0,fucking hell,fuck,hell,,sexual anatomy / sexual acts,religious offense,,2.0,Strong
522,642.0,fucking me,fuck,,,sexual anatomy / sexual acts,,,2.2,Strong
523,643.0,fucking retard,fuck,retard,,sexual anatomy / sexual acts,mental disability,,3.0,Severe
524,644.0,fucking shit,fuck,shit,,sexual anatomy / sexual acts,bodily fluids / excrement,,1.8,Strong
525,645.0,fuckk,fuck,,,sexual anatomy / sexual acts,other / general insult,,2.2,Strong
526,646.0,fuckless,fuck,,,sexual anatomy / sexual acts,,,2.0,Strong
527,647.0,fuckmachine,fuck,,,sexual anatomy / sexual acts,other / general insult,,2.0,Strong
528,648.0,fucknuckle,fuck,,,sexual anatomy / sexual acts,,,2.4,Strong
529,649.0,fucks,fuck,,,sexual anatomy / sexual acts,other / general insult,,2.0,Strong
530,650.0,fuckshit,fuck,shit,,sexual anatomy / sexual acts,bodily fluids / excrement,,2.4,Strong
531,651.0,fuckshitface,fuck,shit,,sexual anatomy / sexual acts,bodily fluids / excrement,,2.4,Strong
532,652.0,fuckshithead,fuck,shit,,sexual anatomy / sexual acts,bodily fluids / excrement,,2.8,Severe
533,653.0,fuckstar,fuck,,,sexual anatomy / sexual acts,,,2.2,Strong
534,654.0,fuckster,fuck,,,sexual anatomy / sexual acts,,,2.2,Strong
535,655.0,fuckstick,fuck,,,sexual anatomy / sexual acts,,,2.2,Strong
536,656.0,fucktard,fuck,retard,,sexual anatomy / sexual acts,mental disability,,2.8,Severe
537,657.0,fucktards,fuck,retard,,sexual anatomy / sexual acts,mental disability,,2.6,Severe
538,658.0,fuckup,fuck,,,sexual anatomy / sexual acts,other / general insult,,2.0,Strong
539,659.0,fuckwad,fuck,,,sexual anatomy / sexual acts,,,2.2,Strong
540,660.0,fuckwhore,fuck,whore,,sexual anatomy / sexual acts,,,2.6,Severe
541,661.0,fucs,fuck,,,sexual anatomy / sexual acts,,,2.4,Strong
542,662.0,fucx,fuck,,,sexual anatomy / sexual acts,other / general insult,,2.2,Strong
543,663.0,fudgefucker,fudge packer,fuck,,sexual anatomy / sexual acts,sexual orientation / gender,bodily fluids / excrement,3.0,Severe
544,664.0,fudgepacker,fudge packer,,,sexual orientation / gender,,,2.4,Strong
545,665.0,fudgepackers,fudge packer,,,sexual anatomy / sexual acts,bodily fluids / excrement,,2.2,Strong
546,666.0,fudgepackershitter,fudge packer,shit,,sexual anatomy / sexual acts,bodily fluids / excrement,,3.0,Severe
547,667.0,fudgepacking fucker,fudge packer,fuck,,sexual anatomy / sexual acts,sexual orientation / gender,bodily fluids / excrement,3.0,Severe
548,668.0,fugged,fuck,,,sexual anatomy / sexual acts,,,1.8,Strong
549,669.0,fugger,fuck,,,sexual anatomy / sexual acts,other / general insult,,2.0,Strong
550,670.0,fuggerz,fuck,,,sexual anatomy / sexual acts,,,2.6,Severe
551,671.0,fuggings,fuck,,,sexual anatomy / sexual acts,,,2.0,Strong
552,673.0,fuk,fuck,,,sexual anatomy / sexual acts,,,2.0,Strong
553,674.0,fuk1n,fuck,,,sexual anatomy / sexual acts,,,2.0,Strong
554,675.0,fuk1ng,fuck,,,sexual anatomy / sexual acts,other / general insult,,2.2,Strong
555,676.0,fukcs,fuck,,,sexual anatomy / sexual acts,,,2.0,Strong
556,677.0,fuker,fuck,,,sexual anatomy / sexual acts,other / general insult,,2.2,Strong
557,678.0,fukheads,fuck,,,sexual anatomy / sexual acts,,,2.0,Strong
558,679.0,fukin,fuck,,,sexual anatomy / sexual acts,other / general insult,,2.2,Strong
559,680.0,fuking,fuck,,,sexual anatomy / sexual acts,,,2.0,Strong
560,681.0,fukk,fuck,,,sexual anatomy / sexual acts,,,2.0,Strong
561,682.0,fukka,fuck,,,sexual anatomy / sexual acts,,,2.2,Strong
562,683.0,fukked,fuck,,,sexual anatomy / sexual acts,,,2.0,Strong
563,684.0,fukker,fuck,,,sexual anatomy / sexual acts,,,2.0,Strong
564,685.0,fukkers,fuck,,,sexual anatomy / sexual acts,,,2.0,Strong
565,686.0,fukking,fuck,,,sexual anatomy / sexual acts,,,2.0,Strong
566,687.0,fukkings,fuck,,,sexual anatomy / sexual acts,,,2.0,Strong
567,688.0,fukkuh,fuck,,,sexual anatomy / sexual acts,,,2.2,Strong
568,689.0,fuks,fuck,,,sexual anatomy / sexual acts,,,2.2,Strong
569,690.0,fuku,fuck,,,sexual anatomy / sexual acts,other / general insult,,2.6,Severe
570,691.0,fukwhore,fuck,whore,,sexual anatomy / sexual acts,,,2.8,Severe
571,692.0,fukwit,fuck,,,sexual anatomy / sexual acts,mental disability,,2.2,Strong
572,694.0,funbags,funbags,,,sexual anatomy / sexual acts,,,1.0,Mild
573,695.0,fuq,fuck,,,sexual anatomy / sexual acts,,,1.8,Strong
574,696.0,futhamucka,motherfucker,,,sexual anatomy / sexual acts,,,2.6,Severe
575,697.0,fux,fuck,,,sexual anatomy / sexual acts,other / general insult,,2.2,Strong
576,698.0,fux0r,fuck,,,sexual anatomy / sexual acts,,,2.0,Strong
577,699.0,fvck,fuck,,,sexual anatomy / sexual acts,other / general insult,,1.8,Strong
578,700.0,fvck you,fuck,,,sexual anatomy / sexual acts,other / general insult,,2.2,Strong
579,701.0,fvcka,fuck,,,sexual anatomy / sexual acts,,,2.0,Strong
580,702.0,fvckbunny,fuck,,,sexual anatomy / sexual acts,animal references,,2.2,Strong
581,703.0,fvcker,fuck,,,sexual anatomy / sexual acts,,,2.4,Strong
582,704.0,fvckers,fuck,,,sexual anatomy / sexual acts,,,2.2,Strong
583,705.0,fvckin,fuck,,,sexual anatomy / sexual acts,,,1.8,Strong
584,706.0,fvcking,fuck,,,sexual anatomy / sexual acts,,,2.0,Strong
585,707.0,fvckker bunny,fuck,,,sexual anatomy / sexual acts,,,2.2,Strong
586,708.0,fvckwhi,fuck,,,sexual anatomy / sexual acts,,,2.2,Strong
587,709.0,fxck,fuck,,,sexual anatomy / sexual acts,,,1.6,Strong
588,710.0,fxcked,fuck,,,sexual anatomy / sexual acts,other / general insult,,2.0,Strong
589,711.0,fxcker,fuck,,,sexual anatomy / sexual acts,,,2.2,Strong
590,712.0,fxcking,fuck,,,sexual anatomy / sexual acts,,,2.2,Strong
591,713.0,g@y b1tch,bitch,gay,,sexual orientation / gender,,,2.6,Severe
592,719.0,gash-stabber,gash-stabber,,,sexual anatomy / sexual acts,,,2.0,Strong
593,722.0,gay fuck,fuck,gay,,sexual orientation / gender,other / general insult,,2.6,Severe
594,723.0,gay fucker,fuck,gay,,sexual anatomy / sexual acts,sexual orientation / gender,,2.8,Severe
595,733.0,get fucked,fuck,,,sexual anatomy / sexual acts,,,2.4,Strong
596,734.0,gin jockey,gin jockey,,,sexual anatomy / sexual acts,,,2.0,Strong
597,736.0,girly bits,girly bits,,,sexual anatomy / sexual acts,,,1.0,Mild
598,738.0,go fuck yourself,fuck,,,sexual anatomy / sexual acts,other / general insult,,2.6,Severe
599,753.0,goddamn mothafuckers,motherfucker,damn,,sexual anatomy / sexual acts,other / general insult,,2.8,Severe
600,762.0,groper,grope,,,sexual anatomy / sexual acts,,,1.4,Mild
601,764.0,harry palms,harry palms,,,sexual anatomy / sexual acts,,,1.6,Strong
602,771.0,hoar,whore,,,sexual orientation / gender,,,1.8,Strong
603,772.0,hoe,hoe,,,sexual orientation / gender,,,2.0,Strong
604,773.0,hoe-asses,hoe,ass,,sexual orientation / gender,sexual anatomy / sexual acts,,2.2,Strong
605,774.0,hoebag,hoe,,,sexual orientation / gender,,,2.0,Strong
606,775.0,hoes,hoe,,,sexual orientation / gender,,,2.0,Strong
607,776.0,holy fuck,fuck,,,sexual anatomy / sexual acts,other / general insult,religious offense,2.0,Strong
608,780.0,hooters,hooters,,,sexual anatomy / sexual acts,,,1.0,Mild
609,782.0,horse's asses,ass,,,sexual anatomy / sexual acts,animal references,,1.4,Mild
610,786.0,j-offs,jerk off,,,sexual anatomy / sexual acts,,,1.4,Mild
611,788.0,ja!lbait,jailbait,,,sexual anatomy / sexual acts,other / general insult,,1.0,Mild
612,790.0,Jack off,jackoff,,,sexual anatomy / sexual acts,,,1.4,Mild
613,791.0,jack-off,jack off,,,sexual anatomy / sexual acts,,,1.2,Mild
614,792.0,jack-offs,jack off,,,sexual anatomy / sexual acts,,,1.4,Mild
615,793.0,jackarse,arse,,,sexual anatomy / sexual acts,,,1.0,Mild
616,795.0,jackasses,ass,,,sexual anatomy / sexual acts,,,1.0,Mild
617,797.0,jackoff,jack off,,,sexual anatomy / sexual acts,,,2.0,Strong
618,798.0,jackoffs,jack off,,,sexual anatomy / sexual acts,,,1.2,Mild
619,799.0,jackoffz,jack off,,,sexual anatomy / sexual acts,,,1.6,Strong
620,800.0,jagoff,jack off,,,sexual anatomy / sexual acts,,,1.0,Mild
621,802.0,jailbait,jailbait,,,sexual anatomy / sexual acts,,,1.0,Mild
622,804.0,jerk off,jerk off,,,sexual anatomy / sexual acts,,,1.0,Mild
623,805.0,jerk-0ff,jerk off,,,sexual anatomy / sexual acts,,,1.2,Mild
624,806.0,jerk-0ffs,jerk off,,,sexual anatomy / sexual acts,,,1.4,Mild
625,807.0,jerk-off,jerk off,,,sexual anatomy / sexual acts,,,1.2,Mild
626,808.0,jerk-offs,jerk off,,,sexual anatomy / sexual acts,,,1.0,Mild
627,809.0,jerking off,jerk off,,,sexual anatomy / sexual acts,,,1.0,Mild
628,810.0,jerkoff,jerk off,,,sexual anatomy / sexual acts,,,1.6,Strong
629,811.0,jerkoff jerking off,jerk off,,,sexual anatomy / sexual acts,,,1.2,Mild
630,812.0,jerkoffs,jerk off,,,sexual anatomy / sexual acts,,,1.2,Mild
631,813.0,jerks off,jerk off,,,sexual anatomy / sexual acts,,,1.4,Mild
632,830.0,jizz,jizz,,,bodily fluids / excrement,,,1.6,Strong
633,831.0,jizz eater,jizz,,,sexual anatomy / sexual acts,bodily fluids / excrement,,2.4,Strong
634,832.0,jizz licker,jizz,,,sexual anatomy / sexual acts,bodily fluids / excrement,,2.4,Strong
635,833.0,jizz-jockey,jizz,,,bodily fluids / excrement,,,2.2,Strong
636,834.0,jizzbags,jizz,,,bodily fluids / excrement,,,2.4,Strong
637,835.0,jizzed,jizz,,,bodily fluids / excrement,,,2.0,Strong
638,836.0,jizzes,jizz,,,bodily fluids / excrement,,,2.2,Strong
639,837.0,jizzfucker,fuck,jizz,,bodily fluids / excrement,sexual anatomy / sexual acts,,2.6,Severe
640,838.0,jizzing,jizz,,,bodily fluids / excrement,,,1.6,Strong
641,839.0,jizzsacks,jizz,,,sexual anatomy / sexual acts,,,1.8,Strong
642,840.0,jizzstain,jizz,,,bodily fluids / excrement,,,2.8,Severe
643,841.0,jizzy,jizz,,,bodily fluids / excrement,,,1.6,Strong
644,847.0,kid diddler,diddle,,,sexual anatomy / sexual acts,other / general insult,,3.0,Severe
645,848.0,kiddy touch,kidtoucher,,,sexual anatomy / sexual acts,,,1.8,Strong
646,851.0,kiss ass,ass,,,sexual anatomy / sexual acts,,,1.0,Mild
647,852.0,kiss my ass,ass,,,sexual anatomy / sexual acts,,,1.6,Strong
648,853.0,kitty puncher,kitty puncher,,,sexual anatomy / sexual acts,,,2.2,Strong
649,856.0,klitoris,clit,,,sexual anatomy / sexual acts,,,1.0,Mild
650,859.0,knob,knob,,,sexual anatomy / sexual acts,,,1.4,Mild
651,860.0,knob eater,knob,,,sexual anatomy / sexual acts,,,2.2,Strong
652,861.0,knob gobbler,knob,,,sexual anatomy / sexual acts,,,1.8,Strong
653,862.0,knob jockey,knob,,,sexual anatomy / sexual acts,,,1.8,Strong
654,863.0,knob-face,knob,,,sexual anatomy / sexual acts,,,1.6,Strong
655,864.0,knob-gobbler,knob,,,sexual anatomy / sexual acts,,,1.6,Strong
656,865.0,knob-head,knob,,,sexual anatomy / sexual acts,,,2.0,Strong
657,866.0,knob3d,knob,,,sexual anatomy / sexual acts,,,1.6,Strong
658,867.0,knob3nd,knob,,,sexual anatomy / sexual acts,,,1.2,Mild
659,868.0,knobd,knob,,,sexual anatomy / sexual acts,,,1.2,Mild
660,869.0,knobe,knob,,,sexual anatomy / sexual acts,,,1.0,Mild
661,870.0,knobead,knob,,,sexual anatomy / sexual acts,,,1.4,Mild
662,871.0,knobeads,knob,,,sexual anatomy / sexual acts,,,1.4,Mild
663,872.0,knobed,knob,,,sexual anatomy / sexual acts,other / general insult,,1.4,Mild
664,873.0,knobeds,knob,,,sexual anatomy / sexual acts,,,1.8,Strong
665,874.0,knobend,knob,,,sexual anatomy / sexual acts,,,1.2,Mild
666,875.0,knobender,knob,,,sexual anatomy / sexual acts,sexual orientation / gender,,2.2,Strong
667,876.0,knobends,knob,,,sexual anatomy / sexual acts,,,1.4,Mild
668,877.0,knobendy,knob,,,sexual anatomy / sexual acts,,,1.6,Strong
669,878.0,knobendz,knob,,,sexual anatomy / sexual acts,,,1.4,Mild
670,879.0,knober,knob,,,sexual anatomy / sexual acts,,,1.0,Mild
671,880.0,knobes,knob,,,sexual anatomy / sexual acts,,,1.2,Mild
672,881.0,knobgobbler,knob,,,sexual anatomy / sexual acts,sexual orientation / gender,,1.8,Strong
673,882.0,knobhead,knob,,,sexual anatomy / sexual acts,,,1.6,Strong
674,883.0,knobheads,knob,,,sexual anatomy / sexual acts,,,1.6,Strong
675,884.0,knobjockies,knob,,,sexual anatomy / sexual acts,sexual orientation / gender,,1.8,Strong
676,885.0,knobjocky,knob,,,sexual anatomy / sexual acts,sexual orientation / gender,,2.2,Strong
677,886.0,knobjokey,knob,,,sexual orientation / gender,,,2.6,Severe
678,887.0,knobjokeys,knob,,,sexual anatomy / sexual acts,,,1.8,Strong
679,893.0,l3i + ch,bitch,,,sexual orientation / gender,,,1.2,Mild
680,894.0,l3i+ch,bitch,,,sexual orientation / gender,,,1.2,Mild
681,895.0,l3itch,bitch,,,sexual orientation / gender,,,1.4,Mild
682,896.0,l3itches,bitch,,,sexual orientation / gender,,,1.2,Mild
683,906.0,lesbo,lesbian,,,sexual orientation / gender,,,2.2,Strong
684,907.0,loose woman,loose,,,sexual orientation / gender,,,1.4,Mild
685,908.0,m@asterbated,masturbate,,,sexual anatomy / sexual acts,,,1.4,Mild
686,909.0,m@derfaker,motherfucker,,,sexual anatomy / sexual acts,,,2.8,Severe
687,910.0,m@derfuck,motherfucker,,,sexual anatomy / sexual acts,other / general insult,,3.0,Severe
688,911.0,m@derfuckers,motherfucker,,,sexual anatomy / sexual acts,,,2.6,Severe
689,912.0,m0f0,motherfucker,,,sexual anatomy / sexual acts,other / general insult,,2.0,Strong
690,914.0,m0fo,motherfucker,,,sexual anatomy / sexual acts,other / general insult,,2.6,Severe
691,916.0,m0fos,motherfucker,,,sexual anatomy / sexual acts,other / general insult,,2.6,Severe
692,919.0,m0thafucked,motherfucker,,,sexual anatomy / sexual acts,,,3.0,Severe
693,920.0,m0thafucker,motherfucker,,,sexual anatomy / sexual acts,other / general insult,,3.0,Severe
694,921.0,m0thafucking,motherfucker,,,sexual anatomy / sexual acts,other / general insult,,2.8,Severe
695,922.0,m0therfuckeds,motherfucker,,,sexual anatomy / sexual acts,,,2.8,Severe
696,923.0,m0therfucker,motherfucker,,,sexual anatomy / sexual acts,other / general insult,,2.4,Strong
697,924.0,m0therfucking,motherfucker,,,sexual anatomy / sexual acts,,,3.0,Severe
698,925.0,m0therfvcker,motherfucker,,,sexual anatomy / sexual acts,,,3.0,Severe
699,926.0,man chowder,man chowder,,,bodily fluids / excrement,,,1.0,Mild
700,927.0,man meat,meat,,,sexual anatomy / sexual acts,,,1.2,Mild
701,928.0,man seed,man seed,,,bodily fluids / excrement,,,1.0,Mild
702,929.0,markasses,ass,,,sexual anatomy / sexual acts,,,2.0,Strong
703,930.0,meat curtains,meat curtains,,,sexual anatomy / sexual acts,,,2.0,Strong
704,931.0,meat-sword,meat,,,sexual anatomy / sexual acts,,,1.2,Mild
705,934.0,mf'er,motherfucker,,,sexual anatomy / sexual acts,other / general insult,,2.2,Strong
706,935.0,mf'ers,motherfucker,,,sexual anatomy / sexual acts,other / general insult,,2.6,Severe
707,936.0,mf'ing,motherfucker,,,sexual anatomy / sexual acts,other / general insult,,2.2,Strong
708,937.0,mfckers,motherfucker,,,sexual anatomy / sexual acts,other / general insult,,2.2,Strong
709,938.0,MFer,motherfucker,,,sexual anatomy / sexual acts,,,1.8,Strong
710,939.0,MFers,motherfucker,,,sexual anatomy / sexual acts,other / general insult,,2.8,Severe
711,940.0,mfing,motherfucker,,,sexual anatomy / sexual acts,,,1.8,Strong
712,941.0,mfk,motherfucker,,,sexual anatomy / sexual acts,other / general insult,,1.6,Strong
713,942.0,mfs,motherfucker,,,sexual anatomy / sexual acts,,,2.2,Strong
714,943.0,mfukk,motherfucker,,,sexual anatomy / sexual acts,other / general insult,,3.0,Severe
715,944.0,mfukker,motherfucker,,,sexual anatomy / sexual acts,other / general insult,,2.8,Severe
716,945.0,milf,milf,,,sexual anatomy / sexual acts,,,1.8,Strong
717,946.0,mindfuck,motherfucker,,,sexual anatomy / sexual acts,,,2.2,Strong
718,947.0,mof0es,motherfucker,,,sexual anatomy / sexual acts,other / general insult,,2.2,Strong
719,949.0,mofcker,motherfucker,,,sexual anatomy / sexual acts,other / general insult,,2.6,Severe
720,950.0,mofo,motherfucker,,,sexual anatomy / sexual acts,,,2.0,Strong
721,951.0,mofo ass,motherfucker,ass,,sexual anatomy / sexual acts,,,2.4,Strong
722,953.0,mofos,motherfucker,,,sexual anatomy / sexual acts,other / general insult,,2.0,Strong
723,954.0,mofoshit,motherfucker,shit,,sexual anatomy / sexual acts,bodily fluids / excrement,,2.2,Strong
724,955.0,mofuccers,motherfucker,,,sexual anatomy / sexual acts,,,2.4,Strong
725,956.0,mofucckers,motherfucker,,,sexual anatomy / sexual acts,other / general insult,,2.4,Strong
726,957.0,mofuck,motherfucker,,,sexual anatomy / sexual acts,,,2.8,Severe
727,959.0,mofuckkas,motherfucker,,,sexual anatomy / sexual acts,other / general insult,,2.4,Strong
728,961.0,mofukkas,motherfucker,,,sexual anatomy / sexual acts,other / general insult,,2.4,Strong
729,962.0,molester,molest,,,sexual anatomy / sexual acts,other / general insult,,2.2,Strong
730,966.0,motha fucka,motherfucker,,,sexual anatomy / sexual acts,other / general insult,,2.8,Severe
731,967.0,motha fucker,motherfucker,,,sexual anatomy / sexual acts,,,2.4,Strong
732,968.0,motha fuckers,motherfucker,,,sexual anatomy / sexual acts,other / general insult,,3.0,Severe
733,969.0,mothaf@cked,motherfucker,,,sexual anatomy / sexual acts,,,2.6,Severe
734,970.0,mothafcked,motherfucker,,,sexual anatomy / sexual acts,other / general insult,,2.6,Severe
735,971.0,mothafcking,motherfucker,,,sexual anatomy / sexual acts,other / general insult,,2.8,Severe
736,972.0,Mothafucc,motherfucker,,,sexual anatomy / sexual acts,other / general insult,,2.8,Severe
737,973.0,mothafucced,motherfucker,,,sexual anatomy / sexual acts,,,2.6,Severe
738,974.0,mothafuccer,motherfucker,,,sexual anatomy / sexual acts,,,3.0,Severe
739,975.0,mothafuccing,motherfucker,,,sexual anatomy / sexual acts,,,3.0,Severe
740,976.0,mothafuck,motherfucker,,,sexual anatomy / sexual acts,other / general insult,,2.8,Severe
741,977.0,mothafucka,motherfucker,,,sexual anatomy / sexual acts,other / general insult,,2.8,Severe
742,978.0,mothafuckas,motherfucker,,,sexual anatomy / sexual acts,other / general insult,,2.6,Severe
743,979.0,mothafuckasses,motherfucker,ass,,sexual anatomy / sexual acts,other / general insult,,3.0,Severe
744,980.0,mothafuckaz,motherfucker,,,sexual anatomy / sexual acts,,,2.6,Severe
745,981.0,mothafuckazzes,motherfucker,,,sexual anatomy / sexual acts,,,3.0,Severe
746,982.0,mothafucked,motherfucker,,,sexual anatomy / sexual acts,other / general insult,,2.8,Severe
747,983.0,mothafuckeds,motherfucker,,,sexual anatomy / sexual acts,,,2.8,Severe
748,984.0,mothafucker,motherfucker,,,sexual anatomy / sexual acts,other / general insult,,3.0,Severe
749,985.0,mothafuckers,motherfucker,,,sexual anatomy / sexual acts,,,2.6,Severe
750,986.0,mothafuckin,motherfucker,,,sexual anatomy / sexual acts,other / general insult,,2.6,Severe
751,987.0,mothafucking,motherfucker,,,sexual anatomy / sexual acts,,,3.0,Severe
752,988.0,mothafuckings,motherfucker,,,sexual anatomy / sexual acts,other / general insult,,2.8,Severe
753,989.0,mothafuckins,motherfucker,,,sexual anatomy / sexual acts,,,2.6,Severe
754,990.0,mothafucks,motherfucker,,,sexual anatomy / sexual acts,,,2.8,Severe
755,991.0,mothafuckz,motherfucker,,,sexual anatomy / sexual acts,other / general insult,,2.6,Severe
756,992.0,mothafvcked,motherfucker,,,sexual anatomy / sexual acts,,,2.8,Severe
757,993.0,mother effer,motherfucker,,,sexual anatomy / sexual acts,,,2.2,Strong
758,994.0,mother fuck,motherfucker,,,sexual anatomy / sexual acts,other / general insult,,2.8,Severe
759,995.0,mother fuck you,motherfucker,,,sexual anatomy / sexual acts,,,2.6,Severe
760,996.0,mother fucka,motherfucker,,,sexual anatomy / sexual acts,other / general insult,,2.8,Severe
761,997.0,mother fucker,motherfucker,,,sexual anatomy / sexual acts,other / general insult,,3.0,Severe
762,998.0,mother fuckers,motherfucker,,,sexual anatomy / sexual acts,,,3.0,Severe
763,999.0,mother fucking,motherfucker,,,sexual anatomy / sexual acts,other / general insult,,3.0,Severe
764,1000.0,mothercker,motherfucker,,,sexual anatomy / sexual acts,other / general insult,,2.2,Strong
765,1001.0,motherf@kka,motherfucker,,,sexual anatomy / sexual acts,sexual orientation / gender,,2.6,Severe
766,1002.0,motherfacking,motherfucker,,,sexual anatomy / sexual acts,other / general insult,,2.4,Strong
767,1003.0,motherfcked,motherfucker,,,sexual anatomy / sexual acts,other / general insult,,2.8,Severe
768,1004.0,motherfckin,motherfucker,,,sexual anatomy / sexual acts,,,3.0,Severe
769,1005.0,motherfcking,motherfucker,,,sexual anatomy / sexual acts,,,3.0,Severe
770,1006.0,motherfcks,motherfucker,,,sexual anatomy / sexual acts,other / general insult,,2.8,Severe
771,1007.0,motherfckshit,motherfucker,shit,,sexual anatomy / sexual acts,other / general insult,bodily fluids / excrement,2.8,Severe
772,1008.0,motherfecka,motherfucker,,,sexual anatomy / sexual acts,,,2.4,Strong
773,1009.0,motherfecker,motherfucker,,,sexual anatomy / sexual acts,,,2.8,Severe
774,1010.0,motherfk,motherfucker,,,sexual anatomy / sexual acts,other / general insult,,2.8,Severe
775,1011.0,motherfucca,motherfucker,,,sexual anatomy / sexual acts,other / general insult,,2.6,Severe
776,1012.0,motherfuccas,motherfucker,,,sexual anatomy / sexual acts,other / general insult,,3.0,Severe
777,1013.0,motherfuccers,motherfucker,,,sexual anatomy / sexual acts,,,3.0,Severe
778,1014.0,motherfuck,motherfucker,,,sexual anatomy / sexual acts,other / general insult,,2.4,Strong
779,1015.0,motherfucked,motherfucker,,,sexual anatomy / sexual acts,,,3.0,Severe
780,1016.0,motherfuckeds,motherfucker,,,sexual anatomy / sexual acts,,,3.0,Severe
781,1017.0,motherfucker,motherfucker,,,sexual anatomy / sexual acts,other / general insult,,3.0,Severe
782,1018.0,motherfuckers,motherfucker,,,sexual anatomy / sexual acts,other / general insult,,2.8,Severe
783,1019.0,motherfuckin,motherfucker,,,sexual anatomy / sexual acts,other / general insult,,2.6,Severe
784,1020.0,motherfucking,motherfucker,,,sexual anatomy / sexual acts,other / general insult,,2.8,Severe
785,1021.0,motherfuckings,motherfucker,,,sexual anatomy / sexual acts,other / general insult,,2.8,Severe
786,1022.0,motherfuckingshit,motherfucker,shit,,sexual anatomy / sexual acts,bodily fluids / excrement,other / general insult,2.8,Severe
787,1023.0,motherfuckins,motherfucker,,,sexual anatomy / sexual acts,other / general insult,,2.8,Severe
788,1024.0,motherfuckka,motherfucker,,,sexual anatomy / sexual acts,other / general insult,,3.0,Severe
789,1025.0,motherfuckkas,motherfucker,,,sexual anatomy / sexual acts,,,3.0,Severe
790,1026.0,motherfuckkers,motherfucker,,,sexual anatomy / sexual acts,,,3.0,Severe
791,1027.0,motherfucks,motherfucker,,,sexual anatomy / sexual acts,sexual orientation / gender,,3.0,Severe
792,1028.0,motherfukka,motherfucker,,,sexual anatomy / sexual acts,other / general insult,,3.0,Severe
793,1029.0,motherfukker,motherfucker,,,sexual anatomy / sexual acts,other / general insult,,3.0,Severe
794,1030.0,motherfukkings,motherfucker,,,sexual anatomy / sexual acts,other / general insult,,2.6,Severe
795,1031.0,motherfvck,motherfucker,,,sexual anatomy / sexual acts,,,2.6,Severe
796,1032.0,motherfvcked,motherfucker,,,sexual anatomy / sexual acts,other / general insult,,2.6,Severe
797,1033.0,motherfvckeds,motherfucker,,,sexual anatomy / sexual acts,other / general insult,,2.2,Strong
798,1034.0,motherfvcker,motherfucker,,,sexual anatomy / sexual acts,other / general insult,,3.0,Severe
799,1035.0,motherfvckers,motherfucker,,,sexual anatomy / sexual acts,other / general insult,,2.8,Severe
800,1036.0,motherfvcking,motherfucker,,,sexual anatomy / sexual acts,other / general insult,,2.8,Severe
801,1038.0,motherfxcking,motherfucker,,,sexual anatomy / sexual acts,,,2.6,Severe
802,1039.0,mothfck,motherfucker,,,sexual anatomy / sexual acts,other / general insult,,2.6,Severe
803,1040.0,mothter fuck,motherfucker,,,sexual anatomy / sexual acts,,,3.0,Severe
804,1041.0,mtherfuker,motherfucker,,,sexual anatomy / sexual acts,,,3.0,Severe
805,1042.0,mthrfcker,motherfucker,,,sexual anatomy / sexual acts,,,2.6,Severe
806,1043.0,muddafukkas,motherfucker,,,sexual anatomy / sexual acts,other / general insult,,3.0,Severe
807,1044.0,mudderfuk,motherfucker,,,sexual anatomy / sexual acts,other / general insult,,2.2,Strong
808,1045.0,mudderfukker,motherfucker,,,sexual anatomy / sexual acts,,,2.6,Severe
809,1046.0,mufdive,muff,,,sexual anatomy / sexual acts,,,1.8,Strong
810,1047.0,mufdivin,muff,,,sexual anatomy / sexual acts,,,2.8,Severe
811,1048.0,muff,muff,,,sexual anatomy / sexual acts,,,1.4,Mild
812,1049.0,muffdiving,muff,,,sexual anatomy / sexual acts,,,2.0,Strong
813,1050.0,muffdivings,muff,,,sexual anatomy / sexual acts,,,2.2,Strong
814,1051.0,muffindivin,muff,,,sexual anatomy / sexual acts,,,1.8,Strong
815,1052.0,muffindiving,muff,,,sexual anatomy / sexual acts,,,1.8,Strong
816,1053.0,muhfucking,motherfucker,,,sexual anatomy / sexual acts,,,2.4,Strong
817,1054.0,mushroom tip,mushroom tip,,,sexual anatomy / sexual acts,,,1.4,Mild
818,1055.0,mutha fucka,motherfucker,,,sexual anatomy / sexual acts,other / general insult,,2.8,Severe
819,1056.0,mutha fucker,motherfucker,,,sexual anatomy / sexual acts,other / general insult,,2.4,Strong
820,1057.0,muthafecker,motherfucker,,,sexual anatomy / sexual acts,,,2.8,Severe
821,1058.0,muthafeckers,motherfucker,,,sexual anatomy / sexual acts,,,3.0,Severe
822,1059.0,muthafucka,motherfucker,,,sexual anatomy / sexual acts,other / general insult,,2.8,Severe
823,1060.0,muthafuckers,motherfucker,,,sexual anatomy / sexual acts,other / general insult,,3.0,Severe
824,1061.0,muthafuckings,motherfucker,,,sexual anatomy / sexual acts,other / general insult,,3.0,Severe
825,1062.0,muthafuckker,motherfucker,,,sexual anatomy / sexual acts,other / general insult,,3.0,Severe
826,1063.0,muthafuckkers,motherfucker,,,sexual anatomy / sexual acts,,,2.8,Severe
827,1064.0,muthafukka,motherfucker,,,sexual anatomy / sexual acts,,,3.0,Severe
828,1065.0,mutherfucker,motherfucker,,,sexual anatomy / sexual acts,other / general insult,,2.6,Severe
829,1066.0,mutherfuckers,motherfucker,,,sexual anatomy / sexual acts,other / general insult,,2.8,Severe
830,1067.0,n0bhead,knob,,,sexual anatomy / sexual acts,,,1.6,Strong
831,1068.0,n0bj0cky,knob,,,sexual anatomy / sexual acts,sexual orientation / gender,,2.4,Strong
832,1140.0,nip,nipple,,,sexual anatomy / sexual acts,,,2.0,Strong
833,1141.0,nob jockey,knob,,,sexual anatomy / sexual acts,sexual orientation / gender,,2.2,Strong
834,1142.0,nob jokeys,knob,,,sexual anatomy / sexual acts,sexual orientation / gender,,1.8,Strong
835,1143.0,nobbyhead,knob,,,sexual anatomy / sexual acts,,,1.4,Mild
836,1144.0,nobhead,knob,,,sexual anatomy / sexual acts,,,1.6,Strong
837,1145.0,nobheads,knob,,,sexual anatomy / sexual acts,,,1.4,Mild
838,1146.0,nobj0key,knob,,,sexual anatomy / sexual acts,sexual orientation / gender,,1.8,Strong
839,1147.0,nobjockies,knob,,,sexual anatomy / sexual acts,sexual orientation / gender,,1.8,Strong
840,1148.0,nobjocky,knob,,,sexual anatomy / sexual acts,sexual orientation / gender,,2.4,Strong
841,1149.0,nobjokey,knob,,,sexual anatomy / sexual acts,sexual orientation / gender,,2.0,Strong
842,1150.0,nobjokeys,knob,,,sexual orientation / gender,,,1.8,Strong
843,1151.0,nobs,knob,,,sexual anatomy / sexual acts,,,1.2,Mild
844,1155.0,nut butter,nut butter,,,bodily fluids / excrement,,,1.4,Mild
845,1156.0,nutsack,nutsack,,,sexual anatomy / sexual acts,,,1.8,Strong
846,1157.0,nutsacks,nutsack,,,sexual anatomy / sexual acts,,,1.6,Strong
847,1158.0,nympho,nymph,,,sexual anatomy / sexual acts,sexual orientation / gender,,1.0,Mild
848,1160.0,octopussy,pussy,,,sexual anatomy / sexual acts,,,1.2,Mild
849,1162.0,p3n1shead,penis,,,sexual anatomy / sexual acts,,,1.8,Strong
850,1163.0,p3nisfcker,penis,fuck,,sexual anatomy / sexual acts,sexual orientation / gender,,3.0,Severe
851,1164.0,p3nisfcukers,fuck,penis,,sexual anatomy / sexual acts,sexual orientation / gender,,2.8,Severe
852,1165.0,p3nisfvcker,penis,fuck,,sexual anatomy / sexual acts,sexual orientation / gender,,2.8,Severe
853,1166.0,p3nisfvckers,penis,fuck,,sexual anatomy / sexual acts,sexual orientation / gender,,2.8,Severe
854,1167.0,pack my fudge,fudge packer,,,sexual anatomy / sexual acts,bodily fluids / excrement,,2.0,Strong
855,1168.0,packerfudgehead,fudge packer,,,sexual anatomy / sexual acts,bodily fluids / excrement,,2.2,Strong
856,1169.0,packing fudge,fudge packer,,,sexual anatomy / sexual acts,bodily fluids / excrement,,2.4,Strong
857,1170.0,packing fudgehead,fudge packer,,,bodily fluids / excrement,sexual anatomy / sexual acts,sexual orientation / gender,1.8,Strong
858,1171.0,packingfudge,fudge packer,,,sexual anatomy / sexual acts,bodily fluids / excrement,,2.4,Strong
859,1172.0,packingfudgefucker,fudge packer,fuck,,sexual anatomy / sexual acts,sexual orientation / gender,bodily fluids / excrement,2.8,Severe
860,1173.0,packingfudgefucking,fudge packer,fuck,,sexual anatomy / sexual acts,sexual orientation / gender,bodily fluids / excrement,2.4,Strong
861,1174.0,packsomefudgefucker,fudge packer,fuck,,sexual anatomy / sexual acts,sexual orientation / gender,bodily fluids / excrement,2.4,Strong
862,1176.0,palm jockey,palm jockey,,,sexual anatomy / sexual acts,,,1.2,Mild
863,1178.0,pecker,pecker,,,sexual anatomy / sexual acts,,,1.4,Mild
864,1179.0,peckerhead,pecker,,,sexual anatomy / sexual acts,,,1.6,Strong
865,1180.0,pedo,pedophile,,,sexual anatomy / sexual acts,other / general insult,,2.2,Strong
866,1181.0,pedobear,pedophile,,,sexual orientation / gender,,,2.0,Strong
867,1183.0,pedophl,pedophile,,,sexual anatomy / sexual acts,other / general insult,,2.2,Strong
868,1185.0,pedoz,pedophile,,,sexual anatomy / sexual acts,other / general insult,,2.0,Strong
869,1186.0,peen,penis,,,sexual anatomy / sexual acts,,,1.0,Mild
870,1187.0,peener,penis,,,sexual anatomy / sexual acts,,,1.0,Mild
871,1188.0,penisfcker,penis,fuck,,sexual anatomy / sexual acts,sexual orientation / gender,,3.0,Severe
872,1189.0,penisfuccer,penis,fuck,,sexual anatomy / sexual acts,sexual orientation / gender,,2.8,Severe
873,1190.0,penisfucker,fuck,penis,,sexual anatomy / sexual acts,,,3.0,Severe
874,1191.0,penisfuckers,fuck,penis,,sexual anatomy / sexual acts,sexual orientation / gender,,3.0,Severe
875,1192.0,penisfvcker,penis,fuck,,sexual anatomy / sexual acts,sexual orientation / gender,,3.0,Severe
876,1193.0,penisfvckers,penis,fuck,,sexual anatomy / sexual acts,sexual orientation / gender,,2.8,Severe
877,1194.0,penishead,penis,,,sexual anatomy / sexual acts,,,1.4,Mild
878,1195.0,peter,peter puffer,,,sexual anatomy / sexual acts,,,1.0,Mild
879,1196.0,peter puffer,peter puffer,,,sexual orientation / gender,sexual anatomy / sexual acts,,1.8,Strong
880,1202.0,phuc,fuck,,,sexual anatomy / sexual acts,,,2.0,Strong
881,1203.0,phucc,fuck,,,sexual anatomy / sexual acts,,,2.0,Strong
882,1204.0,phuccer,fuck,,,sexual anatomy / sexual acts,other / general insult,,2.2,Strong
883,1205.0,phucchead,fuck,,,sexual anatomy / sexual acts,other / general insult,,2.0,Strong
884,1206.0,phuccing,fuck,,,sexual anatomy / sexual acts,other / general insult,,1.8,Strong
885,1207.0,phuck,fuck,,,sexual anatomy / sexual acts,other / general insult,,2.2,Strong
886,1208.0,phuck3r,fuck,,,sexual anatomy / sexual acts,other / general insult,,1.8,Strong
887,1209.0,phucked,fuck,,,sexual anatomy / sexual acts,,,2.0,Strong
888,1210.0,phucker,fuck,,,sexual anatomy / sexual acts,,,2.2,Strong
889,1211.0,phuckin,fuck,,,sexual anatomy / sexual acts,,,2.0,Strong
890,1212.0,phucking,fuck,,,sexual anatomy / sexual acts,other / general insult,,2.4,Strong
891,1213.0,phuckings,fuck,,,sexual anatomy / sexual acts,,,2.4,Strong
892,1214.0,phucks,fuck,,,sexual anatomy / sexual acts,other / general insult,,2.0,Strong
893,1215.0,phucup,fuck,,,sexual anatomy / sexual acts,,,1.8,Strong
894,1216.0,phuk,fuck,,,sexual anatomy / sexual acts,other / general insult,,2.0,Strong
895,1217.0,phuked,fuck,,,sexual anatomy / sexual acts,other / general insult,,2.2,Strong
896,1218.0,phukeds,fuck,,,sexual anatomy / sexual acts,,,2.0,Strong
897,1219.0,phukhead,fuck,,,sexual anatomy / sexual acts,,,2.4,Strong
898,1220.0,phuking,fuck,,,sexual anatomy / sexual acts,,,2.2,Strong
899,1221.0,phukings,fuck,,,sexual anatomy / sexual acts,other / general insult,,2.2,Strong
900,1222.0,phukk,fuck,,,sexual anatomy / sexual acts,other / general insult,,1.8,Strong
901,1223.0,phukked,fuck,,,sexual anatomy / sexual acts,other / general insult,,2.0,Strong
902,1224.0,phukkeds,fuck,,,sexual anatomy / sexual acts,other / general insult,,2.0,Strong
903,1225.0,phukker,fuck,,,sexual anatomy / sexual acts,,,2.2,Strong
904,1226.0,Phukking,fuck,,,sexual anatomy / sexual acts,other / general insult,,1.8,Strong
905,1227.0,phuks,fuck,,,sexual anatomy / sexual acts,other / general insult,,2.2,Strong
906,1228.0,phukshit,fuck,shit,,sexual anatomy / sexual acts,bodily fluids / excrement,,2.2,Strong
907,1229.0,phuku,fuck,,,sexual anatomy / sexual acts,,,2.2,Strong
908,1230.0,phukup,fuck,,,sexual anatomy / sexual acts,other / general insult,,1.8,Strong
909,1231.0,phuq,fuck,,,sexual anatomy / sexual acts,other / general insult,,2.2,Strong
910,1232.0,phuqs,fuck,,,sexual anatomy / sexual acts,other / general insult,,1.8,Strong
911,1233.0,phvckings,fuck,,,sexual anatomy / sexual acts,,,2.2,Strong
912,1234.0,pig fucker,fuck,pig,,sexual anatomy / sexual acts,animal references,,2.8,Severe
913,1235.0,pigfucker,fuck,pig,,sexual anatomy / sexual acts,animal references,,2.6,Severe
914,1236.0,pigfuckers,fuck,pig,,sexual anatomy / sexual acts,animal references,,3.0,Severe
915,1237.0,pigfucking,fuck,pig,,sexual anatomy / sexual acts,animal references,,2.6,Severe
916,1238.0,pigfukker,fuck,pig,,sexual anatomy / sexual acts,animal references,,2.8,Severe
917,1239.0,piggyfuck,fuck,pig,,sexual anatomy / sexual acts,animal references,,3.0,Severe
918,1241.0,pillow biter,pillow biter,,,sexual anatomy / sexual acts,,,2.4,Strong
919,1242.0,pillow-biter,pillow biter,,,sexual orientation / gender,,,1.6,Strong
920,1243.0,piss face,piss,,,bodily fluids / excrement,,,1.4,Mild
921,1244.0,piss off fuckhead,fuck,,,sexual anatomy / sexual acts,bodily fluids / excrement,,3.0,Severe
922,1245.0,piss shit,piss,shit,,bodily fluids / excrement,,,1.4,Mild
923,1246.0,pissoff,piss,,,bodily fluids / excrement,,,1.2,Mild
924,1247.0,pissoffs,piss,,,bodily fluids / excrement,other / general insult,,1.4,Mild
925,1248.0,pole licker,pole licker,,,sexual anatomy / sexual acts,,,2.2,Strong
926,1249.0,pole smoker,pole smoker,,,sexual anatomy / sexual acts,,,2.0,Strong
927,1250.0,pole sucker,pole sucker,,,sexual anatomy / sexual acts,,,1.8,Strong
928,1251.0,polesmoker,polesmoker,,,sexual anatomy / sexual acts,sexual orientation / gender,,2.2,Strong
929,1253.0,prick,prick,,,sexual anatomy / sexual acts,,,1.0,Mild
930,1254.0,prick-face,prick,,,sexual anatomy / sexual acts,,,1.2,Mild
931,1255.0,prick-gobbler,prick,,,sexual anatomy / sexual acts,,,2.2,Strong
932,1256.0,prick-head,prick,,,sexual anatomy / sexual acts,,,1.8,Strong
933,1257.0,pricks,prick,,,sexual anatomy / sexual acts,,,1.0,Mild
934,1258.0,pu$sy,pussy,,,sexual anatomy / sexual acts,,,1.6,Strong
935,1259.0,pu55y,pussy,,,sexual anatomy / sexual acts,,,1.6,Strong
936,1260.0,pull the pud,pull the pud,,,sexual anatomy / sexual acts,,,1.2,Mild
937,1261.0,punani,punani,,,sexual anatomy / sexual acts,,,1.8,Strong
938,1262.0,punk ass mofoes,motherfucker,ass,,sexual anatomy / sexual acts,other / general insult,,2.8,Severe
939,1264.0,puss,pussy,,,sexual anatomy / sexual acts,,,1.4,Mild
940,1265.0,pusses,pussy,,,sexual anatomy / sexual acts,,,1.4,Mild
941,1266.0,pussie,pussy,,,sexual anatomy / sexual acts,,,2.0,Strong
942,1267.0,pussies,pussy,,,sexual anatomy / sexual acts,sexual orientation / gender,,1.0,Mild
943,1268.0,pussless,pussy,,,sexual anatomy / sexual acts,,,2.0,Strong
944,1269.0,pusslicker,pussy,,,sexual anatomy / sexual acts,,,2.2,Strong
945,1270.0,pussy,pussy,,,sexual anatomy / sexual acts,,,1.4,Mild
946,1271.0,pussy cat,pussy,,,sexual anatomy / sexual acts,,,1.4,Mild
947,1272.0,pussy fucker,fuck,,,sexual anatomy / sexual acts,,,2.8,Severe
948,1273.0,pussy lick,pussy,,,sexual anatomy / sexual acts,,,2.4,Strong
949,1274.0,pussy licker,pussy,,,sexual anatomy / sexual acts,,,2.4,Strong
950,1275.0,pussy licking,pussy,,,sexual anatomy / sexual acts,,,2.4,Strong
951,1276.0,pussylickers,pussy,,,sexual anatomy / sexual acts,,,2.8,Severe
952,1277.0,pussys,pussy,,,sexual anatomy / sexual acts,,,2.0,Strong
953,1278.0,pussywhipped,pussy,,,sexual anatomy / sexual acts,,,1.8,Strong
954,1279.0,puta,punta,,,sexual orientation / gender,,,1.8,Strong
955,1280.0,puussy,pussy,,,sexual anatomy / sexual acts,,,1.4,Mild
956,1281.0,puzzies,pussy,,,sexual anatomy / sexual acts,,,1.4,Mild
957,1282.0,puzzy,pussy,,,sexual anatomy / sexual acts,,,1.2,Mild
958,1283.0,queerasses,queer,ass,,sexual orientation / gender,,,3.0,Severe
959,1284.0,queers,queer,,,sexual orientation / gender,,,1.8,Strong
960,1291.0,ramrod,ramrod,,,sexual anatomy / sexual acts,,,1.0,Mild
961,1294.0,reacharound,reacharound,,,sexual anatomy / sexual acts,,,1.2,Mild
962,1295.0,rectum,rectum,,,sexual anatomy / sexual acts,,,1.0,Mild
963,1301.0,rim job,rim job,,,sexual anatomy / sexual acts,,,2.0,Strong
964,1304.0,s-lut,slut,,,sexual orientation / gender,,,1.8,Strong
965,1308.0,S&M,sadomasochism,,,sexual anatomy / sexual acts,,,1.0,Mild
966,1309.0,sack,ballsack,,,sexual anatomy / sexual acts,,,1.0,Mild
967,1310.0,salad tosser,salad tosser,,,sexual anatomy / sexual acts,,,2.0,Strong
968,1313.0,sausage jockey,sausage jockey,,,sexual anatomy / sexual acts,,,2.6,Severe
969,1314.0,scamfuck,fuck,,,sexual anatomy / sexual acts,other / general insult,,2.4,Strong
970,1315.0,schlong,schlong,,,sexual anatomy / sexual acts,,,1.0,Mild
971,1316.0,scumfuck,fuck,scum,,sexual anatomy / sexual acts,other / general insult,,2.8,Severe
972,1317.0,scumfucker,fuck,scum,,sexual anatomy / sexual acts,other / general insult,,2.8,Severe
973,1318.0,scumfvck,fuck,scum,,sexual anatomy / sexual acts,other / general insult,,2.4,Strong
974,1353.0,shiesterfuck,fuck,shit,,sexual anatomy / sexual acts,racial / ethnic slurs,,2.2,Strong
975,1354.0,shiesterfuckface,fuck,shit,,sexual anatomy / sexual acts,racial / ethnic slurs,,2.8,Severe
976,1355.0,shiesterfuckhead,fuck,shit,,sexual anatomy / sexual acts,racial / ethnic slurs,,2.2,Strong
977,1356.0,shiesterfucks,fuck,shit,,sexual anatomy / sexual acts,racial / ethnic slurs,,2.4,Strong
978,1362.0,shit fucker,fuck,shit,,sexual anatomy / sexual acts,bodily fluids / excrement,,2.8,Severe
979,1369.0,shit-fucker,fuck,shit,,sexual anatomy / sexual acts,bodily fluids / excrement,,2.6,Severe
980,1374.0,shitassfucker,fuck,shit,ass,sexual anatomy / sexual acts,bodily fluids / excrement,,2.6,Severe
981,1375.0,shitassfuckface,fuck,shit,ass,sexual anatomy / sexual acts,bodily fluids / excrement,other / general insult,2.8,Severe
982,1390.0,shitefuck,fuck,shit,,sexual anatomy / sexual acts,bodily fluids / excrement,,1.6,Strong
983,1397.0,shitfacefuck,fuck,shit,,sexual anatomy / sexual acts,bodily fluids / excrement,,2.8,Severe
984,1398.0,shitfacefucker,fuck,shit,,sexual anatomy / sexual acts,bodily fluids / excrement,,2.6,Severe
985,1402.0,shitfuck,fuck,shit,,sexual anatomy / sexual acts,bodily fluids / excrement,,2.2,Strong
986,1403.0,shitfucker,fuck,shit,,sexual anatomy / sexual acts,bodily fluids / excrement,,2.4,Strong
987,1405.0,shitfuckmotherfucker,motherfucker,shit,fuck,sexual anatomy / sexual acts,bodily fluids / excrement,other / general insult,2.8,Severe
988,1406.0,shitfucks,fuck,shit,,sexual anatomy / sexual acts,,,2.4,Strong
989,1407.0,shitfudgefucker,fuck,shit,fudge packer,bodily fluids / excrement,other / general insult,,2.6,Severe
990,1410.0,shitheadfucker,fuck,shit,,sexual anatomy / sexual acts,,,2.8,Severe
991,1411.0,shitheadfuckface,fuck,shit,,sexual anatomy / sexual acts,bodily fluids / excrement,other / general insult,2.4,Strong
992,1416.0,shitsfuck,fuck,shit,,sexual anatomy / sexual acts,bodily fluids / excrement,,2.2,Strong
993,1419.0,shittasticfuck,fuck,shit,,bodily fluids / excrement,,,2.2,Strong
994,1423.0,shitterfucker,fuck,shit,,sexual anatomy / sexual acts,bodily fluids / excrement,other / general insult,2.6,Severe
995,1433.0,shittyfuck,fuck,shit,,sexual anatomy / sexual acts,bodily fluids / excrement,,1.8,Strong
996,1434.0,shittyfuckface,fuck,shit,,sexual anatomy / sexual acts,bodily fluids / excrement,other / general insult,2.2,Strong
997,1436.0,shlong,shlong,,,sexual anatomy / sexual acts,,,1.0,Mild
998,1441.0,shytfeisterfuck,fuck,,,sexual anatomy / sexual acts,,,2.6,Severe
999,1442.0,sissy,sissy,,,sexual orientation / gender,,,1.0,Mild
1000,1443.0,sixty-nine,69,,,sexual anatomy / sexual acts,,,1.2,Mild
1001,1444.0,sk@nks,skank,,,sexual orientation / gender,,,1.6,Strong
1002,1445.0,sk@nky,skank,,,sexual orientation / gender,,,1.0,Mild
1003,1446.0,sk@nkz,skank,,,sexual orientation / gender,,,1.4,Mild
1004,1447.0,skank,skank,,,sexual orientation / gender,,,1.8,Strong
1005,1448.0,skanks,skank,,,sexual orientation / gender,,,1.2,Mild
1006,1449.0,skanky,skank,,,sexual orientation / gender,,,1.4,Mild
1007,1450.0,skankz,skank,,,sexual orientation / gender,,,1.6,Strong
1008,1460.0,slit,slit,,,sexual orientation / gender,,,1.6,Strong
1009,1461.0,slut,slut,,,sexual orientation / gender,,,2.0,Strong
1010,1462.0,slut hole,slut,,,sexual anatomy / sexual acts,sexual orientation / gender,,2.4,Strong
1011,1463.0,sluts,slut,,,sexual orientation / gender,,,1.6,Strong
1012,1464.0,slutty,slut,,,sexual orientation / gender,,,1.8,Strong
1013,1465.0,snatch,snatch,,,sexual anatomy / sexual acts,,,1.0,Mild
1014,1466.0,snatch licker,snatch,,,sexual anatomy / sexual acts,,,2.8,Severe
1015,1468.0,son o bitch,bitch,,,sexual orientation / gender,,,1.6,Strong
1016,1470.0,son-of-a-bitch,bitch,,,sexual orientation / gender,other / general insult,,1.2,Mild
1017,1471.0,sonna bitch,bitch,,,sexual orientation / gender,other / general insult,,1.2,Mild
1018,1473.0,sonofbitches,bitch,,,sexual orientation / gender,other / general insult,,1.0,Mild
1019,1474.0,sons of b1tches,bitch,,,sexual orientation / gender,,,1.6,Strong
1020,1478.0,soppy bollucks,bollocks,,,sexual anatomy / sexual acts,,,1.6,Strong
1021,1479.0,spanking,spank,,,sexual anatomy / sexual acts,,,1.0,Mild
1022,1480.0,sperm,sperm,,,bodily fluids / excrement,,,1.0,Mild
1023,1481.0,sphincter,sphincter,,,sexual anatomy / sexual acts,,,1.0,Mild
1024,1483.0,spicfuck,fuck,spic,,sexual anatomy / sexual acts,racial / ethnic slurs,,3.0,Severe
1025,1492.0,spunk,spunk,,,bodily fluids / excrement,,,1.2,Mild
1026,1493.0,stfu,fuck,,,sexual anatomy / sexual acts,other / general insult,,1.8,Strong
1027,1494.0,stump chewer,stump chewer,,,sexual anatomy / sexual acts,,,1.4,Mild
1028,1495.0,stupid fucker,fuck,,,sexual anatomy / sexual acts,other / general insult,,2.4,Strong
1029,1496.0,stupid hoe,hoe,,,sexual orientation / gender,,,2.4,Strong
1030,1497.0,stupidasses,ass,,,sexual anatomy / sexual acts,mental disability,,1.0,Mild
1031,1498.0,suck,suck,,,sexual anatomy / sexual acts,,,1.0,Mild
1032,1499.0,suck my cock,cock,,,sexual anatomy / sexual acts,,,2.2,Strong
1033,1500.0,suck my d,dick,,,sexual anatomy / sexual acts,,,1.8,Strong
1034,1501.0,suck my dick,dick,,,sexual anatomy / sexual acts,,,2.2,Strong
1035,1502.0,suck off,suck,,,sexual anatomy / sexual acts,,,1.8,Strong
1036,1504.0,sumbitch,bitch,,,sexual orientation / gender,,,1.6,Strong
1037,1506.0,swine fucker,fuck,swine,,sexual anatomy / sexual acts,animal references,,2.8,Severe
1038,1508.0,tadger,tadger,,,sexual anatomy / sexual acts,,,1.4,Mild
1039,1509.0,taking the piss,taking the piss,,,bodily fluids / excrement,,,1.0,Mild
1040,1510.0,tallywacker,tallywacker,,,sexual anatomy / sexual acts,,,1.2,Mild
1041,1513.0,tard asses,ass,,,sexual anatomy / sexual acts,mental disability,,3.0,Severe
1042,1515.0,throat yogurt,throat yogurt,,,bodily fluids / excrement,,,1.8,Strong
1043,1516.0,throater,throater,,,sexual anatomy / sexual acts,,,2.4,Strong
1044,1517.0,tickle the pickle,tickle the pickle,,,sexual anatomy / sexual acts,,,1.2,Mild
1045,1519.0,tits,tit,,,sexual anatomy / sexual acts,,,1.0,Mild
1046,1520.0,tongue fucker,fuck,,,sexual anatomy / sexual acts,,,2.4,Strong
1047,1521.0,tongue fucking,fuck,,,sexual anatomy / sexual acts,,,2.8,Severe
1048,1523.0,tossing salad,tossing salad,,,sexual anatomy / sexual acts,,,1.8,Strong
1049,1527.0,tramp,tramp,,,sexual orientation / gender,,,1.6,Strong
1050,1529.0,transvestite,transvestite,,,sexual orientation / gender,,,2.4,Strong
1051,1530.0,trashb1tch,bitch,trash,,sexual orientation / gender,,,1.8,Strong
1052,1531.0,trashbitch,bitch,trash,,sexual orientation / gender,other / general insult,,2.0,Strong
1053,1532.0,trashbitches,bitch,trash,,sexual orientation / gender,,,1.4,Mild
1054,1533.0,trashbitchez,bitch,trash,,sexual orientation / gender,,,1.2,Mild
1055,1534.0,trashbtch,bitch,trash,,sexual orientation / gender,,,1.4,Mild
1056,1535.0,trasherbitch,bitch,trash,,sexual orientation / gender,other / general insult,,1.4,Mild
1057,1536.0,trasherbitchs,bitch,trash,,sexual orientation / gender,,,1.2,Mild
1058,1537.0,trashybitches,bitch,,,sexual orientation / gender,,,1.8,Strong
1059,1538.0,trouser snake,trouser snake,,,sexual anatomy / sexual acts,,,1.0,Mild
1060,1539.0,trousersnake,trousersnake,,,sexual anatomy / sexual acts,,,1.4,Mild
1061,1542.0,tw@t,twat,,,sexual anatomy / sexual acts,sexual orientation / gender,,1.8,Strong
1062,1543.0,twa+,twat,,,sexual anatomy / sexual acts,sexual orientation / gender,,1.2,Mild
1063,1544.0,twat,twat,,,sexual anatomy / sexual acts,sexual orientation / gender,,1.8,Strong
1064,1545.0,twat waffle,twat,,,sexual anatomy / sexual acts,sexual orientation / gender,,2.0,Strong
1065,1546.0,twatface,twat,,,sexual anatomy / sexual acts,sexual orientation / gender,,2.4,Strong
1066,1547.0,twats,twat,,,sexual anatomy / sexual acts,sexual orientation / gender,,1.6,Strong
1067,1548.0,twatt,twat,,,sexual anatomy / sexual acts,sexual orientation / gender,,1.6,Strong
1068,1549.0,twattish,twat,,,sexual anatomy / sexual acts,sexual orientation / gender,,1.6,Strong
1069,1550.0,twatzilla,twat,,,sexual anatomy / sexual acts,sexual orientation / gender,,2.0,Strong
1070,1551.0,twink,twink,,,sexual orientation / gender,,,1.2,Mild
1071,1552.0,upskirts,upskirt,,,sexual anatomy / sexual acts,,,1.4,Mild
1072,1553.0,useless fucker,fuck,,,sexual anatomy / sexual acts,other / general insult,,2.6,Severe
1073,1554.0,vag,vagina,,,sexual anatomy / sexual acts,,,1.2,Mild
1074,1555.0,vajayjay,vagina,,,sexual anatomy / sexual acts,,,1.2,Mild
1075,1556.0,vulva,vulva,,,sexual anatomy / sexual acts,,,1.0,Mild
1076,1557.0,w@nker,wank,,,sexual anatomy / sexual acts,other / general insult,,1.2,Mild
1077,1558.0,w@nkers,wank,,,sexual anatomy / sexual acts,other / general insult,,1.0,Mild
1078,1559.0,w4nk3r,wank,,,sexual anatomy / sexual acts,other / general insult,,1.6,Strong
1079,1560.0,w4nker,wank,,,sexual anatomy / sexual acts,other / general insult,,1.0,Mild
1080,1563.0,wank,wank,,,sexual anatomy / sexual acts,other / general insult,,1.0,Mild
1081,1564.0,wank off,wank,,,sexual anatomy / sexual acts,,,1.0,Mild
1082,1565.0,wank3r,wank,,,sexual anatomy / sexual acts,other / general insult,,1.0,Mild
1083,1566.0,wank3rs,wank,,,sexual anatomy / sexual acts,other / general insult,,1.0,Mild
1084,1567.0,wankbastard,wank,bastard,,sexual anatomy / sexual acts,,,1.8,Strong
1085,1568.0,wanked,wank,,,sexual anatomy / sexual acts,,,1.2,Mild
1086,1569.0,wanker,wank,,,sexual anatomy / sexual acts,other / general insult,,1.0,Mild
1087,1570.0,wankers,wank,,,sexual anatomy / sexual acts,other / general insult,,1.0,Mild
1088,1571.0,wankies,wank,,,sexual anatomy / sexual acts,,,1.6,Strong
1089,1572.0,wanking,wank,,,sexual anatomy / sexual acts,,,1.0,Mild
1090,1573.0,wanks,wank,,,sexual anatomy / sexual acts,,,1.0,Mild
1091,1575.0,weenie,weenie,,,sexual anatomy / sexual acts,,,1.0,Mild
1092,1576.0,weiner,weiner,,,sexual anatomy / sexual acts,,,1.0,Mild
1093,1580.0,wh0r3,whore,,,sexual orientation / gender,,,2.0,Strong
1094,1581.0,wh0re,whore,,,sexual orientation / gender,,,2.0,Strong
1095,1582.0,whack off,whack off,,,sexual anatomy / sexual acts,,,1.2,Mild
1096,1584.0,whoar,whore,,,sexual orientation / gender,,,1.8,Strong
1097,1585.0,whoars,whore,,,sexual orientation / gender,,,2.0,Strong
1098,1586.0,whor3,whore,,,sexual orientation / gender,,,1.8,Strong
1099,1587.0,whore,whore,,,sexual orientation / gender,,,1.8,Strong
1100,1588.0,whores,whore,,,sexual orientation / gender,,,2.0,Strong
1101,1590.0,willy-whacker,willy-whacker,,,sexual anatomy / sexual acts,,,1.8,Strong
1102,1592.0,wise ass,ass,,,sexual anatomy / sexual acts,other / general insult,,1.0,Mild
1103,1593.0,wnker,wank,,,sexual anatomy / sexual acts,other / general insult,,1.0,Mild
1104,,fuck,fuck,,,canon,,,,
1105,,sex,sex,,,canon,,,,
1106,,orgasm,orgasm,,,canon,,,,
1107,,ejaculation,ejaculation,,,canon,,,,
1108,,foreskin,foreskin,,,canon,,,,
1109,,bang,bang,,,canon,,,,
1110,,bastard,bastard,,,canon,,,,
1111,,masturbate,masturbate,,,canon,,,,
1112,,meat,meat,,,canon,,,,
1113,,blumpkin,blumpkin,,,canon,,,,
1114,,bonk,bonk,,,canon,,,,
1115,,breast,breast,,,canon,,,,
1116,,bum,bum,,,canon,,,,
1117,,bung,bung,,,canon,,,,
1118,,butt,butt,,,canon,,,,
1119,,cojones,cojones,,,canon,,,,
1120,,testicles,testicles,,,canon,,,,
1121,,choad,choad,,,canon,,,,
1122,,clit,clit,,,canon,,,,
1123,,cum,cum,,,canon,,,,
1124,,dick,dick,,,canon,,,,
1125,,dildo,dildo,,,canon,,,,
1126,,fellatio,fellatio,,,canon,,,,
1127,,fudge packer,fudge packer,,,canon,,,,
1128,,grope,grope,,,canon,,,,
1129,,jack off,jack off,,,canon,,,,
1130,,kidtoucher,kidtoucher,,,canon,,,,
1131,,lesbian,lesbian,,,canon,,,,
1132,,loose,loose,,,canon,,,,
1133,,molest,molest,,,canon,,,,
1134,,nipple,nipple,,,canon,,,,
1135,,nymph,nymph,,,canon,,,,
1136,,penis,penis,,,canon,,,,
1137,,pedophile,pedophile,,,canon,,,,
1138,,piss,piss,,,canon,,,,
1139,,punta,punta,,,canon,,,,
1140,,queer,queer,,,canon,,,,
1141,,sadomasochism,sadomasochism,,,canon,,,,
1142,,ballsack,ballsack,,,canon,,,,
1143,,spank,spank,,,canon,,,,
1144,,tit,tit,,,canon,,,,
1145,,upskirt,upskirt,,,canon,,,,
1146,,vagina,vagina,,,canon,,,,
1147,,sexy,sexy,,,new_words,,,,
1148,,titties,titties,,,new_words,,,,
1149,,nipples,nipples,,,new_words,,,,
1150,,nudes,nudes,,,new_words,,,,
1151,,nips,nips,,,new_words,,,,
1152,,naked,naked,,,new_words,,,,
1153,,boob,boob,,,new_words,,,,
1154,,boobies,boobies,,,new_words,,,,
1155,,fetish,fetish,,,new_words,,,,
1156,,horny,horny,,,new_words,,,,
1157,,fucktoy,fucktoy,,,new_words,,,,
1158,,gangbang,gangbang,,,new_words,,,,
1159,,bdsm,bdsm,,,new_words,,,,
1160,,stroking,stroking,,,new_words,,,,
1161,,nude,nude,,,new_words,,,,
1162,,cleavage,cleavage,,,new_words,,,,
1163,,fuckable,fuckable,,,new_words,,,,
1164,,blowjob,blowjob,,,new_words,,,,
1165,,tiddies,tiddies,,,new_words,,,,
1166,,hump,hump,,,new_words,,,,
1167,,humping,humping,,,new_words,,,,
