,text,canonical_form_1,canonical_form_2,canonical_form_3,category_1,category_2,category_3,severity_rating,severity_description
0,69,69,,,sexual anatomy / sexual acts,,,1.0,Mild
1,@55,ass,,,sexual anatomy / sexual acts,,,1.0,Mild
2,@ssfcker,fuck,ass,,sexual anatomy / sexual acts,sexual orientation / gender,,2.8,Severe
3,@ssfucker,fuck,ass,,sexual anatomy / sexual acts,sexual orientation / gender,,2.8,Severe
4,@ssfvcker,fuck,ass,,sexual anatomy / sexual acts,sexual orientation / gender,,2.4,Strong
5,@sshole,ass,,,sexual anatomy / sexual acts,,,1.6,Strong
6,0ral seks,sex,,,sexual anatomy / sexual acts,,,1.0,Mild
7,0ral sex,sex,,,sexual anatomy / sexual acts,,,1.8,Strong
8,0rg@sm,orgasm,,,sexual anatomy / sexual acts,,,1.0,Mild
9,0rgasms,orgasm,,,sexual anatomy / sexual acts,,,1.0,Mild
10,3jakulating,ejaculation,,,sexual anatomy / sexual acts,bodily fluids / excrement,,1.6,Strong
11,4r5e,arse,,,sexual anatomy / sexual acts,,,1.4,Mild
12,4r5ed,arse,,,sexual anatomy / sexual acts,,,1.4,Mild
13,4r5es,arse,,,sexual anatomy / sexual acts,,,1.4,Mild
14,4skin,foreskin,,,sexual anatomy / sexual acts,,,1.0,Mild
15,5h17,shit,,,bodily fluids / excrement,,,1.0,Mild
16,5h1t,shit,,,bodily fluids / excrement,,,1.0,Mild
17,5kank,skank,,,sexual orientation / gender,,,2.0,Strong
18,a_s_s,ass,,,sexual anatomy / sexual acts,,,1.0,Mild
22,anal,anal,,,sexual anatomy / sexual acts,,,1.0,Mild
23,anal hole,anal,,,sexual anatomy / sexual acts,,,2.2,Strong
24,anal hore,anal,,,sexual anatomy / sexual acts,,,2.4,Strong
25,anal pirate,anal,,,sexual anatomy / sexual acts,,,2.2,Strong
26,analingus,anal,,,sexual anatomy / sexual acts,,,1.6,Strong
27,analplug,anal,,,sexual anatomy / sexual acts,,,2.2,Strong
28,analplugs,anal,,,sexual anatomy / sexual acts,,,2.0,Strong
29,anilingus,anal,,,sexual anatomy / sexual acts,,,1.8,Strong
30,animal fucker,fuck,,,sexual anatomy / sexual acts,animal references,,3.0,Severe
31,anus,anus,,,sexual anatomy / sexual acts,,,1.0,Mild
32,anus plug,anus,,,sexual anatomy / sexual acts,,,2.0,Strong
33,ape shit,ape,shit,,bodily fluids / excrement,,,1.6,Strong
34,ape shite,ape,shit,,bodily fluids / excrement,animal references,,1.6,Strong
35,apeshit,ape,shit,,bodily fluids / excrement,racial / ethnic slurs,animal references,1.4,Mild
36,apeshite,ape,shit,,bodily fluids / excrement,racial / ethnic slurs,,1.4,Mild
37,ar5e,arse,,,sexual anatomy / sexual acts,,,1.0,Mild
38,ar5ehole,arse,,,sexual anatomy / sexual acts,,,1.4,Mild
39,arse,arse,,,sexual anatomy / sexual acts,,,1.0,Mild
40,arse gobbler,arse,,,sexual anatomy / sexual acts,,,2.0,Strong
41,arse hole,arse,,,sexual anatomy / sexual acts,,,1.2,Mild
42,arse-bandit,arse,,,sexual orientation / gender,,,2.0,Strong
43,arse-bandits,arse,,,sexual anatomy / sexual acts,,,2.2,Strong
44,arse-fucker,fuck,arse,,sexual anatomy / sexual acts,sexual orientation / gender,,2.6,Severe
45,arse-fuckers,fuck,arse,,sexual anatomy / sexual acts,sexual orientation / gender,,2.6,Severe
46,arse-hole,arse,,,sexual anatomy / sexual acts,,,1.8,Strong
47,arse-shagger,arse,,,sexual anatomy / sexual acts,,,2.4,Strong
48,arsefuck,fuck,arse,,sexual anatomy / sexual acts,sexual orientation / gender,,2.8,Severe
49,arsefucker,fuck,arse,,sexual anatomy / sexual acts,sexual orientation / gender,,2.6,Severe
50,arsehole,arse,,,sexual anatomy / sexual acts,,,1.4,Mild
51,arseshit,arse,shit,,sexual anatomy / sexual acts,other / general insult,,1.8,Strong
52,arsewipe,arse,,,sexual anatomy / sexual acts,,,1.4,Mild
53,ashole,ass,,,sexual anatomy / sexual acts,,,1.6,Strong
54,ass,ass,,,sexual anatomy / sexual acts,,,1.0,Mild
55,ass bandit,ass,,,sexual anatomy / sexual acts,,,1.6,Strong
56,ass eating boiolas,ass,,,sexual anatomy / sexual acts,sexual orientation / gender,,2.8,Severe
57,ass eating nob jokeys,ass,,,sexual anatomy / sexual acts,sexual orientation / gender,,2.8,Severe
58,ass fecker,fuck,ass,,sexual anatomy / sexual acts,sexual orientation / gender,,2.6,Severe
59,ass fuck,fuck,ass,,sexual anatomy / sexual acts,sexual orientation / gender,,2.8,Severe
60,ass fucker,fuck,ass,,sexual anatomy / sexual acts,sexual orientation / gender,,2.6,Severe
61,ass fucking boiolas,fuck,ass,boiolas,sexual anatomy / sexual acts,sexual orientation / gender,,2.6,Severe
62,ass fucking nob jokeys,fuck,ass,knob,sexual anatomy / sexual acts,sexual orientation / gender,,2.6,Severe
63,ass hole,ass,,,sexual anatomy / sexual acts,,,1.2,Mild
64,ass kisser,ass,,,sexual anatomy / sexual acts,,,1.2,Mild
65,ass licking,ass,,,sexual anatomy / sexual acts,,,1.6,Strong
66,ass muncher,ass,,,sexual anatomy / sexual acts,sexual orientation / gender,,2.2,Strong
67,ass-bandit,ass,,,sexual anatomy / sexual acts,,,1.8,Strong
68,ass-fucker,fuck,ass,,sexual anatomy / sexual acts,sexual orientation / gender,,2.8,Severe
69,ass-fuckers,fuck,ass,,sexual anatomy / sexual acts,sexual orientation / gender,,2.6,Severe
70,ass-hole,ass,,,sexual anatomy / sexual acts,,,2.0,Strong
71,asses,ass,,,sexual anatomy / sexual acts,,,1.0,Mild
72,assface,ass,,,sexual anatomy / sexual acts,,,1.6,Strong
73,assfck,ass,fuck,,sexual anatomy / sexual acts,sexual orientation / gender,,2.6,Severe
74,assfcker,ass,fuck,,sexual anatomy / sexual acts,sexual orientation / gender,,2.8,Severe
75,assfk,ass,fuck,,sexual anatomy / sexual acts,sexual orientation / gender,,2.2,Strong
76,assfkcer,ass,fuck,,sexual anatomy / sexual acts,sexual orientation / gender,,2.6,Severe
77,assfker,ass,fuck,,sexual anatomy / sexual acts,sexual orientation / gender,,2.2,Strong
78,assfkr,ass,fuck,,sexual anatomy / sexual acts,sexual orientation / gender,,2.2,Strong
79,assfook,ass,fuck,,sexual anatomy / sexual acts,sexual orientation / gender,,2.6,Severe
80,assfuccer,ass,fuck,,sexual anatomy / sexual acts,sexual orientation / gender,,2.2,Strong
81,assfuck,fuck,ass,,sexual anatomy / sexual acts,sexual orientation / gender,,2.6,Severe
82,assfuck3r,fuck,ass,,sexual anatomy / sexual acts,sexual orientation / gender,,2.8,Severe
83,assfucker,fuck,ass,,sexual anatomy / sexual acts,sexual orientation / gender,,2.8,Severe
84,assfuckers,fuck,ass,,sexual anatomy / sexual acts,sexual orientation / gender,,2.8,Severe
85,assfuckerz,fuck,ass,,sexual anatomy / sexual acts,sexual orientation / gender,,2.4,Strong
86,assfukah,fuck,ass,,sexual anatomy / sexual acts,sexual orientation / gender,,2.4,Strong
87,assfukka,fuck,ass,,sexual anatomy / sexual acts,sexual orientation / gender,,2.8,Severe
88,assfukker,fuck,ass,,sexual anatomy / sexual acts,sexual orientation / gender,,2.6,Severe
89,assfukkerz,fuck,ass,,sexual anatomy / sexual acts,sexual orientation / gender,,2.8,Severe
90,assfvck3r,fuck,ass,,sexual anatomy / sexual acts,sexual orientation / gender,,3.0,Severe
91,assfvcker,fuck,ass,,sexual anatomy / sexual acts,sexual orientation / gender,,2.6,Severe
92,asshat,ass,,,sexual anatomy / sexual acts,,,1.2,Mild
93,asshol3,ass,,,sexual anatomy / sexual acts,,,1.8,Strong
94,asshole,ass,,,sexual anatomy / sexual acts,,,1.2,Mild
95,asshole fucker,fuck,ass,,sexual anatomy / sexual acts,sexual orientation / gender,,2.6,Severe
96,assholes,ass,,,sexual anatomy / sexual acts,,,1.6,Strong
97,assmunch,ass,,,sexual anatomy / sexual acts,,,1.8,Strong
98,assmuncher,ass,,,sexual anatomy / sexual acts,,,2.2,Strong
99,asswhole,ass,,,sexual anatomy / sexual acts,,,1.4,Mild
100,asswipe,ass,,,sexual anatomy / sexual acts,,,1.6,Strong
101,axe wound,wound,,,sexual anatomy / sexual acts,,,1.2,Mild
102,azz,ass,,,sexual anatomy / sexual acts,,,1.0,Mild
103,azzhole,ass,,,sexual anatomy / sexual acts,,,1.6,Strong
104,b to the inch,bitch,,,sexual orientation / gender,,,1.2,Mild
105,bÔºÅtch,bitch,,,sexual orientation / gender,,,1.4,Mild
106,b00bz,boobs,,,sexual anatomy / sexual acts,,,1.0,Mild
107,b0llock,bollocks,,,sexual anatomy / sexual acts,,,1.0,Mild
108,b0llocks,bollocks,,,sexual anatomy / sexual acts,,,1.2,Mild
109,b1+ch,bitch,,,sexual orientation / gender,,,1.0,Mild
110,b17ch,bitch,,,sexual orientation / gender,,,1.4,Mild
111,b1otch,bitch,,,sexual orientation / gender,,,1.4,Mild
112,b1otchs,bitch,,,sexual orientation / gender,,,1.2,Mild
113,b1tch,bitch,,,sexual orientation / gender,,,1.4,Mild
114,b1tch1ng,bitch,,,sexual orientation / gender,,,1.2,Mild
115,b1tch35,bitch,,,sexual orientation / gender,,,1.0,Mild
116,b1tch3s,bitch,,,sexual orientation / gender,,,1.4,Mild
117,b1tchees,bitch,,,sexual orientation / gender,,,1.4,Mild
118,b1tches,bitch,,,sexual orientation / gender,,,1.4,Mild
119,b1tchez,bitch,,,sexual orientation / gender,,,1.2,Mild
121,b1tching,bitch,,,sexual orientation / gender,,,1.2,Mild
122,b1tchs,bitch,,,sexual orientation / gender,,,1.4,Mild
123,b1tchy,bitch,,,sexual orientation / gender,,,1.2,Mild
124,baby batter,baby batter,,,bodily fluids / excrement,,,1.4,Mild
125,ballbag,bollocks,,,sexual anatomy / sexual acts,,,1.0,Mild
126,bangbros,bang,,,sexual anatomy / sexual acts,sexual orientation / gender,,1.6,Strong
134,basturd,bastard,,,bodily fluids / excrement,other / general insult,,1.2,Mild
135,bater,masturbate,,,sexual anatomy / sexual acts,,,1.6,Strong
136,bates,masturbate,,,sexual anatomy / sexual acts,,,1.0,Mild
137,batshit,shit,,,bodily fluids / excrement,animal references,,1.0,Mild
138,batshite,shit,,,bodily fluids / excrement,animal references,,1.2,Mild
139,bbc,cock,,,sexual anatomy / sexual acts,,,1.4,Mild
143,beat my meat,meat,,,sexual anatomy / sexual acts,,,1.2,Mild
144,beat off,beat off,,,sexual anatomy / sexual acts,,,1.2,Mild
145,beat the meat,meat,,,sexual anatomy / sexual acts,,,1.4,Mild
146,beat your meat,meat,,,sexual anatomy / sexual acts,,,1.4,Mild
147,beeotch,bitch,,,sexual orientation / gender,,,1.0,Mild
149,bellend,bellend,,,sexual anatomy / sexual acts,,,1.2,Mild
150,bender,bender,,,sexual orientation / gender,,,1.6,Strong
151,bewbs,boobs,,,sexual anatomy / sexual acts,,,1.0,Mild
152,beyoch,bitch,,,sexual orientation / gender,,,1.2,Mild
154,bi + ch,bitch,,,sexual orientation / gender,,,1.2,Mild
155,bi+ch,bitch,,,sexual orientation / gender,,,1.4,Mild
156,biatch,bitch,,,sexual orientation / gender,,,1.2,Mild
157,biches,bitch,,,sexual orientation / gender,,,1.4,Mild
158,biotch,bitch,,,sexual orientation / gender,,,1.0,Mild
159,biotches,bitch,,,sexual orientation / gender,,,1.2,Mild
160,biotchez,bitch,,,sexual orientation / gender,,,1.4,Mild
161,bishes,bitch,,,sexual orientation / gender,,,1.2,Mild
162,bitch,bitch,,,sexual orientation / gender,,,1.4,Mild
163,bitch3s,bitch,,,sexual orientation / gender,,,1.2,Mild
164,bitchass,bitch,ass,,sexual orientation / gender,other / general insult,,1.6,Strong
165,bitchasses,bitch,ass,,sexual anatomy / sexual acts,other / general insult,,1.8,Strong
166,bitched,bitch,,,sexual orientation / gender,,,1.2,Mild
167,bitcher,bitch,,,sexual orientation / gender,,,1.4,Mild
168,bitchers,bitch,,,sexual orientation / gender,,,1.4,Mild
169,bitches,bitch,,,sexual orientation / gender,,,1.6,Strong
170,bitchez,bitch,,,sexual orientation / gender,,,1.4,Mild
171,bitchfuck,fuck,bitch,,sexual anatomy / sexual acts,,,2.4,Strong
172,bitchhole,bitch,,,sexual anatomy / sexual acts,sexual orientation / gender,,2.4,Strong
175,bitching,bitch,,,sexual orientation / gender,,,1.0,Mild
176,bitchlike,bitch,,,sexual orientation / gender,,,1.2,Mild
177,bitchness,bitch,,,sexual orientation / gender,,,1.6,Strong
178,bitchs,bitch,,,sexual orientation / gender,,,1.0,Mild
179,bitchslap,bitch,,,sexual orientation / gender,other / general insult,,1.0,Mild
180,bitchtits,bitch,,,sexual anatomy / sexual acts,,,2.2,Strong
181,bitchy,bitch,,,sexual orientation / gender,,,1.2,Mild
182,bitchy ass,bitch,ass,,sexual anatomy / sexual acts,sexual orientation / gender,,1.8,Strong
183,bizzach,bitch,,,sexual orientation / gender,,,1.6,Strong
184,BJ,blowjob,,,sexual anatomy / sexual acts,,,1.6,Strong
186,blow a load,blow a load,,,bodily fluids / excrement,,,1.6,Strong
187,blow job,blowjob,,,sexual anatomy / sexual acts,,,2.0,Strong
188,blowjob,blowjob,,,sexual anatomy / sexual acts,,,1.2,Mild
189,blumpkin boy,blumpkin,,,sexual anatomy / sexual acts,,,2.4,Strong
190,boll0ck,bollocks,,,sexual anatomy / sexual acts,,,1.0,Mild
191,bollock,bollocks,,,sexual anatomy / sexual acts,,,1.0,Mild
192,bollockchops,bollocks,,,sexual anatomy / sexual acts,,,1.2,Mild
193,bollocks,bollocks,,,sexual anatomy / sexual acts,,,1.2,Mild
194,bollocktician,bollocks,,,sexual anatomy / sexual acts,,,1.4,Mild
195,bollox,bollocks,,,sexual anatomy / sexual acts,,,1.0,Mild
196,bondage,bondage,,,sexual anatomy / sexual acts,,,1.0,Mild
197,boner,boner,,,sexual anatomy / sexual acts,,,1.0,Mild
198,bonk juice,bonk,,,bodily fluids / excrement,,,1.6,Strong
199,boobs,boobs,,,sexual anatomy / sexual acts,,,1.0,Mild
200,booty,booty,,,sexual anatomy / sexual acts,,,1.0,Mild
201,breasticles,breast,,,sexual anatomy / sexual acts,,,1.4,Mild
202,breasts,breast,,,sexual anatomy / sexual acts,,,1.0,Mild
203,bugger,bugger,,,sexual anatomy / sexual acts,other / general insult,,1.2,Mild
204,bugger off,bugger,,,sexual anatomy / sexual acts,other / general insult,,1.0,Mild
205,bull shit,shit,,,bodily fluids / excrement,animal references,,1.0,Mild
206,bullshi,shit,,,bodily fluids / excrement,,,1.0,Mild
207,bullshit,shit,,,bodily fluids / excrement,animal references,,1.2,Mild
208,bullshite,shit,,,bodily fluids / excrement,,,1.0,Mild
209,bum-bandits,bum,,,sexual orientation / gender,,,1.8,Strong
210,bum-driller,bum,,,sexual anatomy / sexual acts,sexual orientation / gender,,2.8,Severe
211,bumhole,bum,,,sexual anatomy / sexual acts,,,1.0,Mild
212,bung hole,bung,,,sexual anatomy / sexual acts,,,1.0,Mild
213,butt fuck,fuck,butt,,sexual anatomy / sexual acts,sexual orientation / gender,,2.2,Strong
214,butt fucker,fuck,butt,,sexual anatomy / sexual acts,sexual orientation / gender,,3.0,Severe
215,butt hole,butt,,,sexual anatomy / sexual acts,,,1.0,Mild
216,butt pirate,butt,,,sexual orientation / gender,,,2.2,Strong
217,butt-fucker,fuck,butt,,sexual anatomy / sexual acts,sexual orientation / gender,,2.2,Strong
218,butt-fuckers,fuck,butt,,sexual anatomy / sexual acts,sexual orientation / gender,,2.8,Severe
219,butt-fucking-bandit,fuck,butt,,sexual anatomy / sexual acts,sexual orientation / gender,,2.6,Severe
220,butt-munchers,butt,,,sexual anatomy / sexual acts,,,2.0,Strong
222,buttfuck,fuck,butt,,sexual anatomy / sexual acts,sexual orientation / gender,,2.2,Strong
223,buttfucker,fuck,butt,,sexual anatomy / sexual acts,sexual orientation / gender,,3.0,Severe
224,buttfuckers,fuck,butt,,sexual anatomy / sexual acts,sexual orientation / gender,,3.0,Severe
225,butthole,butt,,,sexual anatomy / sexual acts,sexual orientation / gender,,1.2,Mild
226,butthole boy,butt,,,sexual anatomy / sexual acts,sexual orientation / gender,,2.6,Severe
227,bwc,cock,,,sexual anatomy / sexual acts,,,1.4,Mild
228,c*nt,cunt,,,sexual anatomy / sexual acts,sexual orientation / gender,,3.0,Severe
229,c*ntface,cunt,,,sexual anatomy / sexual acts,sexual orientation / gender,,3.0,Severe
230,c*nts,cunt,,,sexual orientation / gender,,,2.8,Severe
231,c*nty,cunt,,,sexual anatomy / sexual acts,sexual orientation / gender,,2.8,Severe
234,c0ck,cock,,,sexual anatomy / sexual acts,,,1.2,Mild
235,c0ckhead,cock,,,sexual anatomy / sexual acts,,,2.0,Strong
236,c0cks,cock,,,sexual anatomy / sexual acts,,,1.6,Strong
237,c0cksuccer,cock,,,sexual anatomy / sexual acts,,,2.0,Strong
238,c0cksucked,cock,,,sexual anatomy / sexual acts,,,2.0,Strong
239,c0cksucker,cock,,,sexual anatomy / sexual acts,,,2.2,Strong
240,c0cksuckers,cock,,,sexual anatomy / sexual acts,,,2.2,Strong
241,c0x,cock,,,sexual anatomy / sexual acts,,,1.4,Mild
242,c0xux0r,cock,,,sexual anatomy / sexual acts,,,1.8,Strong
243,caaak,cock,,,sexual anatomy / sexual acts,,,1.4,Mild
244,caca,shit,,,bodily fluids / excrement,,,1.0,Mild
245,cack,cock,,,bodily fluids / excrement,,,1.2,Mild
246,cagone,cojones,,,bodily fluids / excrement,,,1.2,Mild
247,cajones,cojones,,,sexual anatomy / sexual acts,,,1.0,Mild
249,cameltoe,cameltoe,,,sexual anatomy / sexual acts,,,1.2,Mild
250,carpet muncher,carpet muncher,,,sexual anatomy / sexual acts,,,2.4,Strong
251,carpetmuncher,carpet muncher,,,sexual anatomy / sexual acts,,,2.6,Severe
252,carpetmunchers,carpet muncher,,,sexual orientation / gender,,,2.2,Strong
253,carpetmunching,carpet muncher,,,sexual anatomy / sexual acts,,,1.6,Strong
254,cawk,cock,,,sexual anatomy / sexual acts,,,1.4,Mild
255,cawk muncher,cock,,,sexual anatomy / sexual acts,,,2.4,Strong
256,cawkmuncher,cock,,,sexual anatomy / sexual acts,,,2.2,Strong
257,cawks,cock,,,sexual anatomy / sexual acts,,,1.2,Mild
258,cawksucker,cock,,,sexual anatomy / sexual acts,,,2.6,Severe
260,chesticles,testicles,,,sexual anatomy / sexual acts,,,1.0,Mild
267,choad nectar,choad,,,bodily fluids / excrement,,,2.0,Strong
268,chocha,chocha,,,sexual anatomy / sexual acts,,,2.4,Strong
269,choke the chicken,choke the chicken,,,sexual anatomy / sexual acts,,,1.4,Mild
271,clitlickers,clit,,,sexual anatomy / sexual acts,,,2.0,Strong
272,closet fuckhead,fuck,,,sexual orientation / gender,,,2.8,Severe
273,clusterfuck,fuck,,,sexual anatomy / sexual acts,,,1.8,Strong
274,clusterfucked,fuck,,,sexual anatomy / sexual acts,,,2.2,Strong
275,clusterfucker,fuck,,,sexual anatomy / sexual acts,,,2.4,Strong
276,clusterfucking,fuck,,,sexual anatomy / sexual acts,,,2.0,Strong
277,clusterfucks,fuck,,,sexual anatomy / sexual acts,,,2.0,Strong
278,cobb knobbler,knob,,,sexual anatomy / sexual acts,other / general insult,,1.8,Strong
279,cock,cock,,,sexual anatomy / sexual acts,,,1.4,Mild
280,cock droplets,cock,,,bodily fluids / excrement,sexual anatomy / sexual acts,,2.4,Strong
281,cock head,cock,,,sexual anatomy / sexual acts,,,2.0,Strong
282,cock jockey,cock,,,sexual anatomy / sexual acts,,,2.4,Strong
283,cock knocker,cock,,,sexual anatomy / sexual acts,,,1.8,Strong
284,cock licker,cock,,,sexual anatomy / sexual acts,,,2.0,Strong
285,cock munch,cock,,,sexual anatomy / sexual acts,,,2.0,Strong
286,cock rider,cock,,,sexual anatomy / sexual acts,sexual orientation / gender,,2.4,Strong
287,cock smoker,cock,,,sexual anatomy / sexual acts,,,2.2,Strong
288,cock snot,cock,,,sexual anatomy / sexual acts,bodily fluids / excrement,,2.2,Strong
289,cock suck,cock,,,sexual anatomy / sexual acts,,,1.8,Strong
290,cock sucker,cock,,,sexual anatomy / sexual acts,,,2.4,Strong
291,cock sucking,cock,,,sexual anatomy / sexual acts,,,2.2,Strong
292,cock sucking boiolas,cock,,,sexual anatomy / sexual acts,sexual orientation / gender,,2.6,Severe
293,cock sucking nob jokeys,cock,knob,,sexual anatomy / sexual acts,sexual orientation / gender,,2.8,Severe
294,cock tease,cock,,,sexual anatomy / sexual acts,,,1.8,Strong
295,cock-face,cock,,,sexual anatomy / sexual acts,,,2.2,Strong
296,cock-gobbler,cock,,,sexual anatomy / sexual acts,,,2.4,Strong
297,cock-head,cock,,,sexual anatomy / sexual acts,,,1.8,Strong
298,cock-sucker,cock,,,sexual anatomy / sexual acts,,,2.0,Strong
299,cock-suckers,cock,,,sexual anatomy / sexual acts,,,2.0,Strong
300,cockboy,cock,,,sexual anatomy / sexual acts,,,2.4,Strong
301,cockeater,cock,,,sexual anatomy / sexual acts,,,2.2,Strong
302,cockface,cock,,,sexual anatomy / sexual acts,,,2.0,Strong
303,cockgobbler,cock,,,sexual anatomy / sexual acts,,,1.8,Strong
304,cockh3ad,cock,,,sexual anatomy / sexual acts,,,2.4,Strong
305,cockhead,cock,,,sexual anatomy / sexual acts,,,1.8,Strong
306,cockheads,cock,,,sexual anatomy / sexual acts,,,2.4,Strong
307,cockhed,cock,,,sexual anatomy / sexual acts,,,2.0,Strong
308,cockless,cock,,,sexual anatomy / sexual acts,,,1.4,Mild
309,cocklicker,cock,,,sexual anatomy / sexual acts,,,2.2,Strong
310,cockmonger,cock,,,sexual anatomy / sexual acts,,,2.2,Strong
311,cockmunch,cock,,,sexual anatomy / sexual acts,,,2.2,Strong
312,cockmuncher,cock,,,sexual anatomy / sexual acts,,,1.8,Strong
313,cocks,cock,,,sexual anatomy / sexual acts,,,1.6,Strong
314,cockshit,cock,shit,,sexual anatomy / sexual acts,bodily fluids / excrement,,2.2,Strong
315,cockskin,cock,,,sexual anatomy / sexual acts,,,1.8,Strong
316,cocksmoker,cock,,,sexual anatomy / sexual acts,,,2.2,Strong
317,cocksucc,cock,,,sexual anatomy / sexual acts,,,2.0,Strong
318,cocksuccas,cock,,,sexual anatomy / sexual acts,,,2.2,Strong
319,cocksuccer,cock,,,sexual anatomy / sexual acts,,,2.2,Strong
320,cocksuccers,cock,,,sexual anatomy / sexual acts,,,2.2,Strong
321,cocksuck,cock,,,sexual anatomy / sexual acts,,,2.2,Strong
322,cocksuckas,cock,,,sexual anatomy / sexual acts,,,2.4,Strong
323,cocksucked,cock,,,sexual anatomy / sexual acts,,,2.0,Strong
324,cocksucker,cock,,,sexual anatomy / sexual acts,,,2.2,Strong
325,cocksuckers,cock,,,sexual anatomy / sexual acts,,,2.2,Strong
326,cocksucking,cock,,,sexual anatomy / sexual acts,,,2.4,Strong
327,cocksucking mothafuckers,motherfucker,cock,,sexual anatomy / sexual acts,other / general insult,,3.0,Severe
328,cocksucks,cock,,,sexual anatomy / sexual acts,,,2.2,Strong
329,cocksuk,cock,,,sexual anatomy / sexual acts,,,2.0,Strong
330,cocksuka,cock,,,sexual anatomy / sexual acts,,,2.0,Strong
331,cocksukka,cock,,,sexual anatomy / sexual acts,,,2.2,Strong
332,cocsuck,cock,,,sexual anatomy / sexual acts,,,2.0,Strong
333,cokmuncher,cock,,,sexual anatomy / sexual acts,,,2.2,Strong
334,coksucka,cock,,,sexual anatomy / sexual acts,,,1.8,Strong
342,coot,coot,,,sexual anatomy / sexual acts,,,1.6,Strong
343,coot coot,coot,,,sexual anatomy / sexual acts,,,1.4,Mild
344,cooter,coot,,,sexual anatomy / sexual acts,,,1.2,Mild
345,cooter shooting,coot,,,sexual anatomy / sexual acts,,,2.6,Severe
346,cooterpuffing,coot,,,sexual anatomy / sexual acts,,,2.4,Strong
349,crazy mofos,motherfucker,,,sexual anatomy / sexual acts,other / general insult,,1.4,Mild
351,creampie,creampie,,,sexual anatomy / sexual acts,bodily fluids / excrement,,2.2,Strong
352,crotch,crotch,,,sexual anatomy / sexual acts,,,1.0,Mild
353,crotch fiddler,crotch,,,sexual anatomy / sexual acts,,,2.2,Strong
354,crotchy,crotch,,,sexual anatomy / sexual acts,,,1.4,Mild
356,crows,crow,,,sexual orientation / gender,animal references,,1.4,Mild
357,cuksuker,cock,,,sexual anatomy / sexual acts,,,2.4,Strong
358,cuksukka,cock,,,sexual anatomy / sexual acts,,,2.2,Strong
359,cum goon,cum,,,sexual anatomy / sexual acts,bodily fluids / excrement,,2.0,Strong
360,cumball,cum,,,bodily fluids / excrement,,,2.4,Strong
361,cumdumpster,cum,,,bodily fluids / excrement,,,2.8,Severe
362,cumming,cum,,,bodily fluids / excrement,,,1.6,Strong
363,cums,cum,,,bodily fluids / excrement,,,1.4,Mild
364,cumslut,cum,,,bodily fluids / excrement,other / general insult,,2.8,Severe
365,cumz,cum,,,bodily fluids / excrement,,,2.0,Strong
366,cunnilingus,cunnilingus,,,sexual anatomy / sexual acts,,,2.0,Strong
367,cunt,cunt,,,sexual anatomy / sexual acts,,,2.6,Severe
368,cunt ass,cunt,ass,,sexual anatomy / sexual acts,sexual orientation / gender,,2.8,Severe
369,cunt fart,cunt,fart,,sexual anatomy / sexual acts,bodily fluids / excrement,,2.6,Severe
370,cunt lick,cunt,,,sexual anatomy / sexual acts,,,3.0,Severe
371,cunt licker,cunt,,,sexual anatomy / sexual acts,,,3.0,Severe
372,cunt lips,cunt,,,sexual anatomy / sexual acts,,,2.8,Severe
373,cuntasaurus rex,cunt,,,sexual anatomy / sexual acts,animal references,,2.8,Severe
374,cuntbag,cunt,,,sexual anatomy / sexual acts,,,3.0,Severe
375,cuntbollock,cunt,,,sexual anatomy / sexual acts,,,2.2,Strong
376,cuntelope,cunt,,,sexual anatomy / sexual acts,,,2.4,Strong
377,cuntits,cunt,tits,,sexual anatomy / sexual acts,,,2.8,Severe
378,cuntless,cunt,,,sexual anatomy / sexual acts,,,2.8,Severe
379,cuntlick,cunt,,,sexual anatomy / sexual acts,,,3.0,Severe
380,cuntlicker,cunt,,,sexual anatomy / sexual acts,,,2.4,Strong
381,cuntlickers,cunt,,,sexual anatomy / sexual acts,,,2.6,Severe
382,cuntness,cunt,,,sexual anatomy / sexual acts,,,3.0,Severe
383,cunts,cunt,,,sexual anatomy / sexual acts,,,2.6,Severe
384,cunty,cunt,,,sexual anatomy / sexual acts,,,2.8,Severe
385,cuntz,cunt,,,sexual anatomy / sexual acts,,,2.8,Severe
386,cuunt,cunt,,,sexual anatomy / sexual acts,,,2.6,Severe
387,cyberfck,fuck,,,sexual anatomy / sexual acts,,,2.2,Strong
388,cyberfcks,fuck,,,sexual anatomy / sexual acts,,,2.4,Strong
389,cyberfuccs,fuck,,,sexual anatomy / sexual acts,,,2.2,Strong
390,cyberfucks,fuck,,,sexual anatomy / sexual acts,,,2.2,Strong
391,cyberfucs,fuck,,,sexual anatomy / sexual acts,,,2.0,Strong
392,cyberfukk,fuck,,,sexual anatomy / sexual acts,,,2.0,Strong
393,cyberfukks,fuck,,,sexual anatomy / sexual acts,other / general insult,,2.2,Strong
394,cyberfvcks,fuck,,,sexual anatomy / sexual acts,,,2.2,Strong
395,d!ck,dick,,,sexual anatomy / sexual acts,,,1.0,Mild
396,d!cks,dick,,,sexual anatomy / sexual acts,,,1.0,Mild
397,d!ld0,dildo,,,sexual anatomy / sexual acts,,,1.4,Mild
398,d!ldo,dildo,,,sexual anatomy / sexual acts,,,1.4,Mild
399,d0ggy style,doggy style,,,sexual anatomy / sexual acts,,,1.8,Strong
400,d1ck,dick,,,sexual anatomy / sexual acts,,,1.0,Mild
401,d1ckhead,dick,,,sexual anatomy / sexual acts,,,1.8,Strong
402,d1ckheads,dick,,,sexual anatomy / sexual acts,,,1.8,Strong
403,d1cks,dick,,,sexual anatomy / sexual acts,,,1.4,Mild
404,d1cksucker,dick,,,sexual anatomy / sexual acts,,,1.8,Strong
405,d1cksukka,dick,,,sexual anatomy / sexual acts,,,2.0,Strong
406,d1ckz,dick,,,sexual anatomy / sexual acts,,,1.0,Mild
407,d1ldo,dildo,,,sexual anatomy / sexual acts,,,1.4,Mild
408,dafuq,fuck,,,sexual anatomy / sexual acts,,,2.2,Strong
411,darkfuck,fuck,darky,,sexual anatomy / sexual acts,racial / ethnic slurs,,2.4,Strong
413,darkshit,shit,,,bodily fluids / excrement,racial / ethnic slurs,,3.0,Severe
416,dick breath,dick,,,sexual anatomy / sexual acts,,,2.0,Strong
417,dick face,dick,,,sexual anatomy / sexual acts,,,1.8,Strong
418,dick fucker,fuck,dick,,sexual anatomy / sexual acts,sexual orientation / gender,,2.8,Severe
419,dick head,dick,,,sexual anatomy / sexual acts,,,1.8,Strong
420,dick licker,dick,,,sexual anatomy / sexual acts,,,2.4,Strong
421,dick milker,dick,,,sexual anatomy / sexual acts,,,2.2,Strong
422,dick nibbler,dick,,,sexual anatomy / sexual acts,,,2.4,Strong
423,dick smoker,dick,,,sexual anatomy / sexual acts,,,2.4,Strong
424,dick sucker,dick,,,sexual anatomy / sexual acts,,,2.2,Strong
425,dick-face,dick,,,sexual anatomy / sexual acts,,,1.8,Strong
426,dick-gobbler,dick,,,sexual anatomy / sexual acts,,,1.8,Strong
427,dick-head,dick,,,sexual anatomy / sexual acts,,,1.8,Strong
428,dickface,dick,,,sexual anatomy / sexual acts,,,2.0,Strong
429,dickfucker,dick,fuck,,sexual anatomy / sexual acts,sexual orientation / gender,,2.8,Severe
430,dickhead,dick,,,sexual anatomy / sexual acts,,,2.0,Strong
431,dickheads,dick,,,sexual anatomy / sexual acts,,,1.6,Strong
432,dickjockies,dick,,,sexual anatomy / sexual acts,,,2.2,Strong
433,dickless,dick,,,sexual anatomy / sexual acts,,,1.4,Mild
434,dicklicker,dick,,,sexual anatomy / sexual acts,,,2.2,Strong
435,dickmuncher,dick,,,sexual anatomy / sexual acts,,,2.0,Strong
436,dicks,dick,,,sexual anatomy / sexual acts,,,1.0,Mild
437,dickskin,dick,,,sexual anatomy / sexual acts,,,1.8,Strong
438,dickslapper,dick,,,sexual anatomy / sexual acts,,,1.8,Strong
439,dicksmoker,dick,,,sexual anatomy / sexual acts,,,2.8,Severe
440,dicksucker,dick,,,sexual anatomy / sexual acts,,,2.2,Strong
441,dickvag,dick,,,sexual anatomy / sexual acts,,,1.6,Strong
442,dickz,dick,,,sexual anatomy / sexual acts,,,1.2,Mild
443,diddle,diddle,,,sexual anatomy / sexual acts,,,1.0,Mild
444,dikhead,dick,,,sexual anatomy / sexual acts,,,1.6,Strong
445,diks,dick,,,sexual anatomy / sexual acts,,,1.2,Mild
446,dild0,dildo,,,sexual anatomy / sexual acts,,,1.0,Mild
448,dipsh1tty,shit,,,bodily fluids / excrement,,,1.6,Strong
449,dipshat,shit,,,bodily fluids / excrement,other / general insult,,1.2,Mild
450,dipshidiot,shit,,,bodily fluids / excrement,mental disability,,1.6,Strong
451,dipshit,shit,,,bodily fluids / excrement,,,1.4,Mild
452,dipshite,shit,,,bodily fluids / excrement,,,1.6,Strong
453,dipshits,shit,,,bodily fluids / excrement,mental disability,,1.6,Strong
454,dipshitter,shit,,,bodily fluids / excrement,mental disability,,1.6,Strong
455,dipshitty,shit,,,bodily fluids / excrement,mental disability,,1.8,Strong
456,dipstick,dipstick,,,sexual anatomy / sexual acts,mental disability,,1.2,Mild
457,dirty sanchez,dirty sanchez,,,sexual anatomy / sexual acts,,,2.4,Strong
458,dix,dick,,,sexual anatomy / sexual acts,,,1.0,Mild
459,dlck,dick,,,sexual anatomy / sexual acts,,,1.2,Mild
460,dlcks,dick,,,sexual anatomy / sexual acts,,,1.0,Mild
461,dog fuck,fuck,,,sexual anatomy / sexual acts,animal references,,2.8,Severe
462,dog fucker,fuck,,,sexual anatomy / sexual acts,animal references,,3.0,Severe
463,dog fucking,fuck,,,sexual anatomy / sexual acts,animal references,,2.8,Severe
464,dog shit,shit,,,bodily fluids / excrement,animal references,,1.2,Mild
465,dog-fucker,fuck,,,sexual anatomy / sexual acts,animal references,,2.8,Severe
466,dog's bollocks,bollocks,,,sexual anatomy / sexual acts,animal references,,1.2,Mild
467,doggo style,doggy style,,,sexual anatomy / sexual acts,animal references,,1.2,Mild
468,doggy style,doggy style,,,sexual anatomy / sexual acts,,,1.4,Mild
469,doggy_style,doggy style,,,sexual anatomy / sexual acts,animal references,,1.4,Mild
470,dogie style,doggy style,,,sexual anatomy / sexual acts,,,1.0,Mild
471,dogsh1t,shit,,,bodily fluids / excrement,other / general insult,,1.2,Mild
472,dogsh1ts,shit,,,bodily fluids / excrement,other / general insult,,1.0,Mild
473,dogshit,shit,,,bodily fluids / excrement,animal references,,1.0,Mild
474,dogshits,shit,,,bodily fluids / excrement,animal references,,1.4,Mild
475,dogstyle,doggy style,,,sexual anatomy / sexual acts,,,1.0,Mild
477,dong,dong,,,sexual anatomy / sexual acts,,,1.2,Mild
478,doosh,douche,,,bodily fluids / excrement,,,1.4,Mild
480,double dick,dick,,,sexual anatomy / sexual acts,,,1.6,Strong
481,double dicking,dick,,,sexual anatomy / sexual acts,,,2.2,Strong
482,double pen,double pen,,,sexual anatomy / sexual acts,,,1.2,Mild
483,double-dong,dong,,,sexual anatomy / sexual acts,,,1.4,Mild
484,douche,douche,,,sexual anatomy / sexual acts,,,1.0,Mild
486,douche canoe,douche,,,sexual anatomy / sexual acts,bodily fluids / excrement,,1.4,Mild
487,douchebag,douche,,,sexual anatomy / sexual acts,bodily fluids / excrement,,1.4,Mild
488,dumasses,ass,,,sexual anatomy / sexual acts,mental disability,,1.0,Mild
490,dumb fucker,fuck,,,sexual anatomy / sexual acts,mental disability,,2.0,Strong
491,dumb@ss,ass,,,sexual anatomy / sexual acts,mental disability,,1.2,Mild
494,dumbass fucker,fuck,ass,,sexual anatomy / sexual acts,mental disability,,2.6,Severe
495,dumbass mofoes,ass,motherfucker,,sexual anatomy / sexual acts,mental disability,,2.4,Strong
496,dumbass mothafuckers,motherfucker,ass,,sexual anatomy / sexual acts,mental disability,other / general insult,2.8,Severe
497,dumbass son-of-a-bitch,bitch,ass,,sexual anatomy / sexual acts,sexual orientation / gender,other / general insult,1.8,Strong
498,dumbasses,ass,,,sexual anatomy / sexual acts,mental disability,,1.0,Mild
499,dumbfucks,fuck,,,sexual anatomy / sexual acts,mental disability,,2.2,Strong
500,dumbshit,shit,,,bodily fluids / excrement,,,1.6,Strong
501,dump a load,dump a load,,,bodily fluids / excrement,,,1.6,Strong
503,dyke,dyke,,,sexual orientation / gender,,,2.8,Severe
504,erectoplasm,erectoplasm,,,bodily fluids / excrement,,,1.8,Strong
505,f_u_c_k,fuck,,,sexual anatomy / sexual acts,,,2.2,Strong
506,f'ed,fuck,,,sexual anatomy / sexual acts,,,1.8,Strong
507,f'er,fuck,,,sexual anatomy / sexual acts,,,1.6,Strong
508,f@ck,fuck,,,sexual anatomy / sexual acts,,,1.6,Strong
509,f@cker bunny,fuck,,,sexual anatomy / sexual acts,,,2.2,Strong
510,f@g,faggot,,,sexual orientation / gender,,,2.8,Severe
511,f@gg0t,faggot,,,sexual orientation / gender,,,3.0,Severe
512,f@gging,faggot,,,sexual orientation / gender,,,2.8,Severe
513,f@ggot,faggot,,,sexual orientation / gender,,,3.0,Severe
514,f@gs,faggot,,,sexual orientation / gender,,,3.0,Severe
515,f@gshit,shit,fag,,sexual orientation / gender,,,2.8,Severe
516,f@k,fuck,,,sexual anatomy / sexual acts,,,1.8,Strong
517,f0ck,fuck,,,sexual anatomy / sexual acts,,,2.0,Strong
518,f0cked,fuck,,,sexual anatomy / sexual acts,,,2.0,Strong
519,f0cker,fuck,,,sexual anatomy / sexual acts,,,2.4,Strong
520,f0ckers,fuck,,,sexual anatomy / sexual acts,,,2.2,Strong
521,face fuck,fuck,,,sexual anatomy / sexual acts,,,2.8,Severe
522,fack,fuck,,,sexual anatomy / sexual acts,,,1.4,Mild
523,fackuhs,fuck,,,sexual anatomy / sexual acts,,,2.0,Strong
524,fag,faggot,,,sexual orientation / gender,,,2.8,Severe
525,fag asses,faggot,ass,,sexual orientation / gender,,,2.8,Severe
526,fag bag,faggot,,,sexual orientation / gender,,,2.8,Severe
527,fag hag,faggot,hag,,sexual orientation / gender,,,2.6,Severe
528,fag queen,faggot,,,sexual orientation / gender,,,2.8,Severe
529,fag0t,faggot,,,sexual orientation / gender,,,3.0,Severe
530,faget,faggot,,,sexual orientation / gender,,,3.0,Severe
531,fagg0t,faggot,,,sexual orientation / gender,,,3.0,Severe
532,fagging,faggot,,,sexual orientation / gender,,,3.0,Severe
533,faggo,faggot,,,sexual orientation / gender,,,2.8,Severe
534,faggot,faggot,,,sexual orientation / gender,,,2.8,Severe
535,faggot mofoes,faggot,motherfucker,,sexual anatomy / sexual acts,sexual orientation / gender,,3.0,Severe
536,faggot mothafuckers,motherfucker,faggot,,sexual anatomy / sexual acts,sexual orientation / gender,,3.0,Severe
537,faggot nob jokeys,faggot,knob,,sexual anatomy / sexual acts,sexual orientation / gender,,3.0,Severe
538,faggot nobjockies,faggot,knob,,sexual orientation / gender,sexual anatomy / sexual acts,,3.0,Severe
539,faggot son-of-a-bitch,faggot,bitch,,sexual orientation / gender,other / general insult,,3.0,Severe
540,faggoting,faggot,,,sexual orientation / gender,,,3.0,Severe
541,faggots,faggot,,,sexual orientation / gender,,,3.0,Severe
542,faggs,faggot,,,sexual orientation / gender,,,3.0,Severe
543,faggy,faggot,,,sexual orientation / gender,,,3.0,Severe
544,fagot,faggot,,,sexual orientation / gender,,,2.8,Severe
545,fags,faggot,,,sexual orientation / gender,,,3.0,Severe
546,fagshit,faggot,shit,,bodily fluids / excrement,sexual orientation / gender,,3.0,Severe
547,fart-fucker,fuck,,,sexual anatomy / sexual acts,bodily fluids / excrement,,2.2,Strong
548,fatass,ass,,,sexual anatomy / sexual acts,physical attributes,,1.2,Mild
549,fatasses,ass,,,sexual anatomy / sexual acts,physical attributes,,1.2,Mild
550,fccuker,fuck,,,sexual anatomy / sexual acts,,,2.0,Strong
551,fck,fuck,,,sexual anatomy / sexual acts,,,2.4,Strong
552,fck you,fuck,,,sexual anatomy / sexual acts,other / general insult,,2.2,Strong
553,fcka,fuck,,,sexual anatomy / sexual acts,,,1.8,Strong
554,fckahz,fuck,,,sexual anatomy / sexual acts,other / general insult,,2.2,Strong
555,fcked,fuck,,,sexual anatomy / sexual acts,,,2.0,Strong
556,fckedup,fuck,,,sexual anatomy / sexual acts,other / general insult,,2.0,Strong
557,fcker,fuck,,,sexual anatomy / sexual acts,,,2.2,Strong
558,fckin,fuck,,,sexual anatomy / sexual acts,,,2.0,Strong
559,fcking,fuck,,,sexual anatomy / sexual acts,,,2.2,Strong
560,Fckk,fuck,,,sexual anatomy / sexual acts,other / general insult,,2.2,Strong
561,fckked,fuck,,,sexual anatomy / sexual acts,other / general insult,,2.0,Strong
562,fckking,fuck,,,sexual anatomy / sexual acts,other / general insult,,2.2,Strong
563,fcks,fuck,,,sexual anatomy / sexual acts,,,2.0,Strong
564,fcktard,fuck,retard,,sexual anatomy / sexual acts,mental disability,,2.8,Severe
566,fcuk,fuck,,,sexual anatomy / sexual acts,,,2.0,Strong
567,fcuked,fuck,,,sexual anatomy / sexual acts,other / general insult,,2.2,Strong
568,fcuker,fuck,,,sexual anatomy / sexual acts,,,2.4,Strong
569,fcukers,fuck,,,sexual anatomy / sexual acts,other / general insult,,2.2,Strong
570,fcuking,fuck,,,sexual anatomy / sexual acts,other / general insult,,2.2,Strong
571,fcukker,fuck,,,sexual anatomy / sexual acts,other / general insult,,2.2,Strong
572,fcuks,fuck,,,sexual anatomy / sexual acts,,,2.2,Strong
573,fcvking,fuck,,,sexual anatomy / sexual acts,,,2.2,Strong
574,feck,fuck,,,sexual anatomy / sexual acts,,,1.6,Strong
575,feck arse,arse,,,sexual anatomy / sexual acts,sexual orientation / gender,,2.2,Strong
576,fecker,fuck,,,sexual anatomy / sexual acts,,,2.2,Strong
577,feg,faggot,,,sexual orientation / gender,,,2.4,Strong
578,fellatio aficionado,fellatio,,,sexual anatomy / sexual acts,,,2.0,Strong
579,fellator,fellatio,,,sexual anatomy / sexual acts,,,1.6,Strong
580,fick,fuck,,,sexual anatomy / sexual acts,,,1.6,Strong
581,finger,finger,,,sexual anatomy / sexual acts,,,1.0,Mild
582,finger fuck,fuck,,,sexual anatomy / sexual acts,,,2.6,Severe
583,fingerbanged,finger,,,sexual anatomy / sexual acts,,,1.6,Strong
584,fingerpop,finger,,,sexual anatomy / sexual acts,,,1.4,Mild
585,fk bunny,fuck,,,sexual anatomy / sexual acts,,,2.0,Strong
586,fkbny,fuck,,,sexual anatomy / sexual acts,,,1.6,Strong
587,fked,fuck,,,sexual anatomy / sexual acts,other / general insult,,2.0,Strong
588,fker,fuck,,,sexual anatomy / sexual acts,other / general insult,,2.4,Strong
589,fking,fuck,,,sexual anatomy / sexual acts,other / general insult,,2.2,Strong
590,fkings,fuck,,,sexual anatomy / sexual acts,,,1.8,Strong
591,fkker,fuck,,,sexual anatomy / sexual acts,other / general insult,,2.2,Strong
592,flamer,flamer,,,sexual orientation / gender,,,2.0,Strong
593,flamers,flamer,,,sexual orientation / gender,,,2.8,Severe
594,focker,fuck,,,sexual anatomy / sexual acts,other / general insult,,2.0,Strong
595,fook,fuck,,,sexual anatomy / sexual acts,other / general insult,,1.6,Strong
596,fooker,fuck,,,sexual anatomy / sexual acts,other / general insult,,1.8,Strong
597,fookuh,fuck,,,sexual anatomy / sexual acts,,,1.8,Strong
598,forked,fuck,,,sexual anatomy / sexual acts,,,1.0,Mild
599,fothermuckers,motherfucker,,,sexual anatomy / sexual acts,,,1.8,Strong
600,fuc,fuck,,,sexual anatomy / sexual acts,,,1.6,Strong
601,fucc,fuck,,,sexual anatomy / sexual acts,other / general insult,,2.0,Strong
602,fucca,fuck,,,sexual anatomy / sexual acts,other / general insult,,2.0,Strong
603,fuccers,fuck,,,sexual anatomy / sexual acts,,,2.2,Strong
604,fuccing,fuck,,,sexual anatomy / sexual acts,other / general insult,,2.6,Severe
605,fuccs,fuck,,,sexual anatomy / sexual acts,other / general insult,,2.0,Strong
606,Fuck,fuck,,,sexual anatomy / sexual acts,,,2.0,Strong
607,fuck arse,fuck,arse,,sexual anatomy / sexual acts,sexual orientation / gender,,2.4,Strong
608,fuck face,fuck,,,sexual anatomy / sexual acts,,,2.4,Strong
609,fuck faces,fuck,,,sexual anatomy / sexual acts,other / general insult,,2.2,Strong
610,fuck goblin,fuck,,,sexual anatomy / sexual acts,other / general insult,,2.2,Strong
611,fuck head,fuck,,,sexual anatomy / sexual acts,,,2.4,Strong
612,fuck off,fuck,,,sexual anatomy / sexual acts,other / general insult,,2.0,Strong
613,fuck up,fuck,,,sexual anatomy / sexual acts,other / general insult,,1.8,Strong
614,fuck y0u,fuck,,,sexual anatomy / sexual acts,other / general insult,,2.4,Strong
615,fuck you,fuck,,,sexual anatomy / sexual acts,other / general insult,,2.4,Strong
616,fuck your,fuck,,,sexual anatomy / sexual acts,other / general insult,,2.4,Strong
617,fuck your mother,fuck,motherfucker,,sexual anatomy / sexual acts,other / general insult,,2.8,Severe
618,fucka,fuck,,,sexual anatomy / sexual acts,other / general insult,,2.2,Strong
619,fuckahs,fuck,,,sexual anatomy / sexual acts,other / general insult,,2.0,Strong
620,fuckass,fuck,ass,,sexual anatomy / sexual acts,,,2.4,Strong
621,fuckasses,fuck,ass,,sexual anatomy / sexual acts,,,2.4,Strong
622,fuckaz,fuck,ass,,sexual anatomy / sexual acts,other / general insult,,2.2,Strong
623,fuckbag,fuck,,,sexual anatomy / sexual acts,,,2.6,Severe
624,fuckboy,fuck,,,sexual anatomy / sexual acts,other / general insult,,2.6,Severe
625,fucked,fuck,,,sexual anatomy / sexual acts,other / general insult,,1.8,Strong
626,fucked up,fuck,,,sexual anatomy / sexual acts,other / general insult,,2.2,Strong
627,fuckem,fuck,,,sexual anatomy / sexual acts,other / general insult,,2.2,Strong
628,fucker,fuck,,,sexual anatomy / sexual acts,,,2.2,Strong
629,fucker off,fuck,,,sexual anatomy / sexual acts,,,2.0,Strong
630,fuckers,fuck,,,sexual anatomy / sexual acts,,,2.4,Strong
631,fuckface,fuck,,,sexual anatomy / sexual acts,other / general insult,,2.2,Strong
632,fuckfaces,fuck,,,sexual anatomy / sexual acts,other / general insult,,2.2,Strong
633,fuckhead,fuck,,,sexual anatomy / sexual acts,,,2.2,Strong
634,fuckheaded,fuck,,,sexual anatomy / sexual acts,mental disability,,2.6,Severe
635,fuckheads,fuck,,,sexual anatomy / sexual acts,,,2.6,Severe
636,fuckin,fuck,,,sexual anatomy / sexual acts,other / general insult,,2.0,Strong
637,fucking,fuck,,,sexual anatomy / sexual acts,,,2.2,Strong
638,fucking A,fuck,,,sexual anatomy / sexual acts,other / general insult,,2.4,Strong
639,fucking asshole,fuck,ass,,sexual anatomy / sexual acts,other / general insult,,2.8,Severe
640,fucking bastard,fuck,bastard,,sexual anatomy / sexual acts,other / general insult,,2.4,Strong
641,fucking hell,fuck,hell,,sexual anatomy / sexual acts,religious offense,,2.0,Strong
642,fucking me,fuck,,,sexual anatomy / sexual acts,,,2.2,Strong
643,fucking retard,fuck,retard,,sexual anatomy / sexual acts,mental disability,,3.0,Severe
644,fucking shit,fuck,shit,,sexual anatomy / sexual acts,bodily fluids / excrement,,1.8,Strong
645,fuckk,fuck,,,sexual anatomy / sexual acts,other / general insult,,2.2,Strong
646,fuckless,fuck,,,sexual anatomy / sexual acts,,,2.0,Strong
647,fuckmachine,fuck,,,sexual anatomy / sexual acts,other / general insult,,2.0,Strong
648,fucknuckle,fuck,,,sexual anatomy / sexual acts,,,2.4,Strong
649,fucks,fuck,,,sexual anatomy / sexual acts,other / general insult,,2.0,Strong
650,fuckshit,fuck,shit,,sexual anatomy / sexual acts,bodily fluids / excrement,,2.4,Strong
651,fuckshitface,fuck,shit,,sexual anatomy / sexual acts,bodily fluids / excrement,,2.4,Strong
652,fuckshithead,fuck,shit,,sexual anatomy / sexual acts,bodily fluids / excrement,,2.8,Severe
653,fuckstar,fuck,,,sexual anatomy / sexual acts,,,2.2,Strong
654,fuckster,fuck,,,sexual anatomy / sexual acts,,,2.2,Strong
655,fuckstick,fuck,,,sexual anatomy / sexual acts,,,2.2,Strong
656,fucktard,fuck,retard,,sexual anatomy / sexual acts,mental disability,,2.8,Severe
657,fucktards,fuck,retard,,sexual anatomy / sexual acts,mental disability,,2.6,Severe
658,fuckup,fuck,,,sexual anatomy / sexual acts,other / general insult,,2.0,Strong
659,fuckwad,fuck,,,sexual anatomy / sexual acts,,,2.2,Strong
660,fuckwhore,fuck,whore,,sexual anatomy / sexual acts,,,2.6,Severe
661,fucs,fuck,,,sexual anatomy / sexual acts,,,2.4,Strong
662,fucx,fuck,,,sexual anatomy / sexual acts,other / general insult,,2.2,Strong
663,fudgefucker,fudge packer,fuck,,sexual anatomy / sexual acts,sexual orientation / gender,bodily fluids / excrement,3.0,Severe
664,fudgepacker,fudge packer,,,sexual orientation / gender,,,2.4,Strong
665,fudgepackers,fudge packer,,,sexual anatomy / sexual acts,bodily fluids / excrement,,2.2,Strong
666,fudgepackershitter,fudge packer,shit,,sexual anatomy / sexual acts,bodily fluids / excrement,,3.0,Severe
667,fudgepacking fucker,fudge packer,fuck,,sexual anatomy / sexual acts,sexual orientation / gender,bodily fluids / excrement,3.0,Severe
668,fugged,fuck,,,sexual anatomy / sexual acts,,,1.8,Strong
669,fugger,fuck,,,sexual anatomy / sexual acts,other / general insult,,2.0,Strong
670,fuggerz,fuck,,,sexual anatomy / sexual acts,,,2.6,Severe
671,fuggings,fuck,,,sexual anatomy / sexual acts,,,2.0,Strong
673,fuk,fuck,,,sexual anatomy / sexual acts,,,2.0,Strong
674,fuk1n,fuck,,,sexual anatomy / sexual acts,,,2.0,Strong
675,fuk1ng,fuck,,,sexual anatomy / sexual acts,other / general insult,,2.2,Strong
676,fukcs,fuck,,,sexual anatomy / sexual acts,,,2.0,Strong
677,fuker,fuck,,,sexual anatomy / sexual acts,other / general insult,,2.2,Strong
678,fukheads,fuck,,,sexual anatomy / sexual acts,,,2.0,Strong
679,fukin,fuck,,,sexual anatomy / sexual acts,other / general insult,,2.2,Strong
680,fuking,fuck,,,sexual anatomy / sexual acts,,,2.0,Strong
681,fukk,fuck,,,sexual anatomy / sexual acts,,,2.0,Strong
682,fukka,fuck,,,sexual anatomy / sexual acts,,,2.2,Strong
683,fukked,fuck,,,sexual anatomy / sexual acts,,,2.0,Strong
684,fukker,fuck,,,sexual anatomy / sexual acts,,,2.0,Strong
685,fukkers,fuck,,,sexual anatomy / sexual acts,,,2.0,Strong
686,fukking,fuck,,,sexual anatomy / sexual acts,,,2.0,Strong
687,fukkings,fuck,,,sexual anatomy / sexual acts,,,2.0,Strong
688,fukkuh,fuck,,,sexual anatomy / sexual acts,,,2.2,Strong
689,fuks,fuck,,,sexual anatomy / sexual acts,,,2.2,Strong
690,fuku,fuck,,,sexual anatomy / sexual acts,other / general insult,,2.6,Severe
691,fukwhore,fuck,whore,,sexual anatomy / sexual acts,,,2.8,Severe
692,fukwit,fuck,,,sexual anatomy / sexual acts,mental disability,,2.2,Strong
693,full of shit,shit,,,bodily fluids / excrement,,,1.0,Mild
694,funbags,funbags,,,sexual anatomy / sexual acts,,,1.0,Mild
695,fuq,fuck,,,sexual anatomy / sexual acts,,,1.8,Strong
696,futhamucka,motherfucker,,,sexual anatomy / sexual acts,,,2.6,Severe
697,fux,fuck,,,sexual anatomy / sexual acts,other / general insult,,2.2,Strong
698,fux0r,fuck,,,sexual anatomy / sexual acts,,,2.0,Strong
699,fvck,fuck,,,sexual anatomy / sexual acts,other / general insult,,1.8,Strong
700,fvck you,fuck,,,sexual anatomy / sexual acts,other / general insult,,2.2,Strong
701,fvcka,fuck,,,sexual anatomy / sexual acts,,,2.0,Strong
702,fvckbunny,fuck,,,sexual anatomy / sexual acts,animal references,,2.2,Strong
703,fvcker,fuck,,,sexual anatomy / sexual acts,,,2.4,Strong
704,fvckers,fuck,,,sexual anatomy / sexual acts,,,2.2,Strong
705,fvckin,fuck,,,sexual anatomy / sexual acts,,,1.8,Strong
706,fvcking,fuck,,,sexual anatomy / sexual acts,,,2.0,Strong
707,fvckker bunny,fuck,,,sexual anatomy / sexual acts,,,2.2,Strong
708,fvckwhi,fuck,,,sexual anatomy / sexual acts,,,2.2,Strong
709,fxck,fuck,,,sexual anatomy / sexual acts,,,1.6,Strong
710,fxcked,fuck,,,sexual anatomy / sexual acts,other / general insult,,2.0,Strong
711,fxcker,fuck,,,sexual anatomy / sexual acts,,,2.2,Strong
712,fxcking,fuck,,,sexual anatomy / sexual acts,,,2.2,Strong
713,g@y b1tch,bitch,gay,,sexual orientation / gender,,,2.6,Severe
714,g@ylord,gay,,,sexual orientation / gender,,,1.8,Strong
715,g@yshit,shit,gay,,sexual orientation / gender,,,2.6,Severe
719,gash-stabber,gash-stabber,,,sexual anatomy / sexual acts,,,2.0,Strong
720,gay ass,gay,ass,,sexual anatomy / sexual acts,sexual orientation / gender,,2.6,Severe
721,gay bitch,gay,bitch,,sexual orientation / gender,,,2.6,Severe
722,gay fuck,fuck,gay,,sexual orientation / gender,other / general insult,,2.6,Severe
723,gay fucker,fuck,gay,,sexual anatomy / sexual acts,sexual orientation / gender,,2.8,Severe
724,gay shit,gay,shit,,bodily fluids / excrement,sexual orientation / gender,,1.8,Strong
725,gay wad,gay,,,sexual orientation / gender,,,2.0,Strong
726,gayest,gay,,,sexual orientation / gender,,,1.0,Mild
727,gaylord,gay,,,sexual orientation / gender,,,1.6,Strong
728,gaylords,gay,,,sexual orientation / gender,,,2.2,Strong
729,gayness,gay,,,sexual orientation / gender,,,1.4,Mild
730,gaysian,gay,,,sexual orientation / gender,,,2.6,Severe
731,gaytard,gay,retard,,sexual orientation / gender,mental disability,,2.8,Severe
732,geebag,garbage bag,,,sexual orientation / gender,,,1.8,Strong
733,get fucked,fuck,,,sexual anatomy / sexual acts,,,2.4,Strong
734,gin jockey,gin jockey,,,sexual anatomy / sexual acts,,,2.0,Strong
735,girlieboy,girlyboy,,,sexual orientation / gender,,,1.4,Mild
736,girly bits,girly bits,,,sexual anatomy / sexual acts,,,1.0,Mild
737,girlyboy,girlyboy,,,sexual orientation / gender,,,1.4,Mild
738,go fuck yourself,fuck,,,sexual anatomy / sexual acts,other / general insult,,2.6,Severe
740,gobshite,shit,,,bodily fluids / excrement,,,1.8,Strong
753,goddamn mothafuckers,motherfucker,damn,,sexual anatomy / sexual acts,other / general insult,,2.8,Severe
762,groper,grope,,,sexual anatomy / sexual acts,,,1.4,Mild
764,harry palms,harry palms,,,sexual anatomy / sexual acts,,,1.6,Strong
771,hoar,whore,,,sexual orientation / gender,,,1.8,Strong
772,hoe,hoe,,,sexual orientation / gender,,,2.0,Strong
773,hoe-asses,hoe,ass,,sexual orientation / gender,sexual anatomy / sexual acts,,2.2,Strong
774,hoebag,hoe,,,sexual orientation / gender,,,2.0,Strong
775,hoes,hoe,,,sexual orientation / gender,,,2.0,Strong
776,holy fuck,fuck,,,sexual anatomy / sexual acts,other / general insult,religious offense,2.0,Strong
777,homo,homosexual,,,sexual orientation / gender,,,2.2,Strong
778,homo asses,homosexual,ass,,sexual anatomy / sexual acts,sexual orientation / gender,,2.8,Severe
779,homos,homosexual,,,sexual orientation / gender,,,2.2,Strong
780,hooters,hooters,,,sexual anatomy / sexual acts,,,1.0,Mild
781,horse shit,shit,,,bodily fluids / excrement,animal references,,1.2,Mild
782,horse's asses,ass,,,sexual anatomy / sexual acts,animal references,,1.4,Mild
783,horseshit,shit,,,bodily fluids / excrement,animal references,,1.2,Mild
786,j-offs,jerk off,,,sexual anatomy / sexual acts,,,1.4,Mild
788,ja!lbait,jailbait,,,sexual anatomy / sexual acts,other / general insult,,1.0,Mild
790,Jack off,jackoff,,,sexual anatomy / sexual acts,,,1.4,Mild
791,jack-off,jack off,,,sexual anatomy / sexual acts,,,1.2,Mild
792,jack-offs,jack off,,,sexual anatomy / sexual acts,,,1.4,Mild
793,jackarse,arse,,,sexual anatomy / sexual acts,,,1.0,Mild
795,jackasses,ass,,,sexual anatomy / sexual acts,,,1.0,Mild
797,jackoff,jack off,,,sexual anatomy / sexual acts,,,2.0,Strong
798,jackoffs,jack off,,,sexual anatomy / sexual acts,,,1.2,Mild
799,jackoffz,jack off,,,sexual anatomy / sexual acts,,,1.6,Strong
800,jagoff,jack off,,,sexual anatomy / sexual acts,,,1.0,Mild
802,jailbait,jailbait,,,sexual anatomy / sexual acts,,,1.0,Mild
804,jerk off,jerk off,,,sexual anatomy / sexual acts,,,1.0,Mild
805,jerk-0ff,jerk off,,,sexual anatomy / sexual acts,,,1.2,Mild
806,jerk-0ffs,jerk off,,,sexual anatomy / sexual acts,,,1.4,Mild
807,jerk-off,jerk off,,,sexual anatomy / sexual acts,,,1.2,Mild
808,jerk-offs,jerk off,,,sexual anatomy / sexual acts,,,1.0,Mild
809,jerking off,jerk off,,,sexual anatomy / sexual acts,,,1.0,Mild
810,jerkoff,jerk off,,,sexual anatomy / sexual acts,,,1.6,Strong
811,jerkoff jerking off,jerk off,,,sexual anatomy / sexual acts,,,1.2,Mild
812,jerkoffs,jerk off,,,sexual anatomy / sexual acts,,,1.2,Mild
813,jerks off,jerk off,,,sexual anatomy / sexual acts,,,1.4,Mild
830,jizz,jizz,,,bodily fluids / excrement,,,1.6,Strong
831,jizz eater,jizz,,,sexual anatomy / sexual acts,bodily fluids / excrement,,2.4,Strong
832,jizz licker,jizz,,,sexual anatomy / sexual acts,bodily fluids / excrement,,2.4,Strong
833,jizz-jockey,jizz,,,bodily fluids / excrement,,,2.2,Strong
834,jizzbags,jizz,,,bodily fluids / excrement,,,2.4,Strong
835,jizzed,jizz,,,bodily fluids / excrement,,,2.0,Strong
836,jizzes,jizz,,,bodily fluids / excrement,,,2.2,Strong
837,jizzfucker,fuck,jizz,,bodily fluids / excrement,sexual anatomy / sexual acts,,2.6,Severe
838,jizzing,jizz,,,bodily fluids / excrement,,,1.6,Strong
839,jizzsacks,jizz,,,sexual anatomy / sexual acts,,,1.8,Strong
840,jizzstain,jizz,,,bodily fluids / excrement,,,2.8,Severe
841,jizzy,jizz,,,bodily fluids / excrement,,,1.6,Strong
847,kid diddler,diddle,,,sexual anatomy / sexual acts,other / general insult,,3.0,Severe
848,kiddy touch,kidtoucher,,,sexual anatomy / sexual acts,,,1.8,Strong
851,kiss ass,ass,,,sexual anatomy / sexual acts,,,1.0,Mild
852,kiss my ass,ass,,,sexual anatomy / sexual acts,,,1.6,Strong
853,kitty puncher,kitty puncher,,,sexual anatomy / sexual acts,,,2.2,Strong
856,klitoris,clit,,,sexual anatomy / sexual acts,,,1.0,Mild
859,knob,knob,,,sexual anatomy / sexual acts,,,1.4,Mild
860,knob eater,knob,,,sexual anatomy / sexual acts,,,2.2,Strong
861,knob gobbler,knob,,,sexual anatomy / sexual acts,,,1.8,Strong
862,knob jockey,knob,,,sexual anatomy / sexual acts,,,1.8,Strong
863,knob-face,knob,,,sexual anatomy / sexual acts,,,1.6,Strong
864,knob-gobbler,knob,,,sexual anatomy / sexual acts,,,1.6,Strong
865,knob-head,knob,,,sexual anatomy / sexual acts,,,2.0,Strong
866,knob3d,knob,,,sexual anatomy / sexual acts,,,1.6,Strong
867,knob3nd,knob,,,sexual anatomy / sexual acts,,,1.2,Mild
868,knobd,knob,,,sexual anatomy / sexual acts,,,1.2,Mild
869,knobe,knob,,,sexual anatomy / sexual acts,,,1.0,Mild
870,knobead,knob,,,sexual anatomy / sexual acts,,,1.4,Mild
871,knobeads,knob,,,sexual anatomy / sexual acts,,,1.4,Mild
872,knobed,knob,,,sexual anatomy / sexual acts,other / general insult,,1.4,Mild
873,knobeds,knob,,,sexual anatomy / sexual acts,,,1.8,Strong
874,knobend,knob,,,sexual anatomy / sexual acts,,,1.2,Mild
875,knobender,knob,,,sexual anatomy / sexual acts,sexual orientation / gender,,2.2,Strong
876,knobends,knob,,,sexual anatomy / sexual acts,,,1.4,Mild
877,knobendy,knob,,,sexual anatomy / sexual acts,,,1.6,Strong
878,knobendz,knob,,,sexual anatomy / sexual acts,,,1.4,Mild
879,knober,knob,,,sexual anatomy / sexual acts,,,1.0,Mild
880,knobes,knob,,,sexual anatomy / sexual acts,,,1.2,Mild
881,knobgobbler,knob,,,sexual anatomy / sexual acts,sexual orientation / gender,,1.8,Strong
882,knobhead,knob,,,sexual anatomy / sexual acts,,,1.6,Strong
883,knobheads,knob,,,sexual anatomy / sexual acts,,,1.6,Strong
884,knobjockies,knob,,,sexual anatomy / sexual acts,sexual orientation / gender,,1.8,Strong
885,knobjocky,knob,,,sexual anatomy / sexual acts,sexual orientation / gender,,2.2,Strong
886,knobjokey,knob,,,sexual orientation / gender,,,2.6,Severe
887,knobjokeys,knob,,,sexual anatomy / sexual acts,,,1.8,Strong
890,l@dyb0i,ladyboy,,,sexual orientation / gender,,,2.2,Strong
891,l@dyb0y,ladyboy,,,sexual orientation / gender,,,2.0,Strong
892,l@dyboy,ladyboy,,,sexual orientation / gender,,,2.0,Strong
893,l3i + ch,bitch,,,sexual orientation / gender,,,1.2,Mild
894,l3i+ch,bitch,,,sexual orientation / gender,,,1.2,Mild
895,l3itch,bitch,,,sexual orientation / gender,,,1.4,Mild
896,l3itches,bitch,,,sexual orientation / gender,,,1.2,Mild
897,ladboys,ladyboy,,,sexual orientation / gender,,,1.4,Mild
898,ladboyz,ladyboy,,,sexual orientation / gender,,,1.4,Mild
899,ladiboy,ladyboy,,,sexual orientation / gender,,,2.2,Strong
900,lady-boy,ladyboy,,,sexual orientation / gender,,,2.6,Severe
901,ladyb0i,ladyboy,,,sexual orientation / gender,,,2.2,Strong
902,ladyb0y,ladyboy,,,sexual orientation / gender,,,2.4,Strong
903,ladyboy,ladyboy,,,sexual orientation / gender,,,2.2,Strong
904,ladyboys,ladyboy,,,sexual orientation / gender,,,2.4,Strong
905,ladyboyz,ladyboy,,,sexual orientation / gender,,,1.4,Mild
906,lesbo,lesbian,,,sexual orientation / gender,,,2.2,Strong
907,loose woman,loose,,,sexual orientation / gender,,,1.4,Mild
908,m@asterbated,masturbate,,,sexual anatomy / sexual acts,,,1.4,Mild
909,m@derfaker,motherfucker,,,sexual anatomy / sexual acts,,,2.8,Severe
910,m@derfuck,motherfucker,,,sexual anatomy / sexual acts,other / general insult,,3.0,Severe
911,m@derfuckers,motherfucker,,,sexual anatomy / sexual acts,,,2.6,Severe
912,m0f0,motherfucker,,,sexual anatomy / sexual acts,other / general insult,,2.0,Strong
914,m0fo,motherfucker,,,sexual anatomy / sexual acts,other / general insult,,2.6,Severe
916,m0fos,motherfucker,,,sexual anatomy / sexual acts,other / general insult,,2.6,Severe
919,m0thafucked,motherfucker,,,sexual anatomy / sexual acts,,,3.0,Severe
920,m0thafucker,motherfucker,,,sexual anatomy / sexual acts,other / general insult,,3.0,Severe
921,m0thafucking,motherfucker,,,sexual anatomy / sexual acts,other / general insult,,2.8,Severe
922,m0therfuckeds,motherfucker,,,sexual anatomy / sexual acts,,,2.8,Severe
923,m0therfucker,motherfucker,,,sexual anatomy / sexual acts,other / general insult,,2.4,Strong
924,m0therfucking,motherfucker,,,sexual anatomy / sexual acts,,,3.0,Severe
925,m0therfvcker,motherfucker,,,sexual anatomy / sexual acts,,,3.0,Severe
926,man chowder,man chowder,,,bodily fluids / excrement,,,1.0,Mild
927,man meat,meat,,,sexual anatomy / sexual acts,,,1.2,Mild
928,man seed,man seed,,,bodily fluids / excrement,,,1.0,Mild
929,markasses,ass,,,sexual anatomy / sexual acts,,,2.0,Strong
930,meat curtains,meat curtains,,,sexual anatomy / sexual acts,,,2.0,Strong
931,meat-sword,meat,,,sexual anatomy / sexual acts,,,1.2,Mild
932,mecha fag,faggot,,,sexual orientation / gender,,,3.0,Severe
933,mega fag,faggot,,,sexual orientation / gender,,,2.8,Severe
934,mf'er,motherfucker,,,sexual anatomy / sexual acts,other / general insult,,2.2,Strong
935,mf'ers,motherfucker,,,sexual anatomy / sexual acts,other / general insult,,2.6,Severe
936,mf'ing,motherfucker,,,sexual anatomy / sexual acts,other / general insult,,2.2,Strong
937,mfckers,motherfucker,,,sexual anatomy / sexual acts,other / general insult,,2.2,Strong
938,MFer,motherfucker,,,sexual anatomy / sexual acts,,,1.8,Strong
939,MFers,motherfucker,,,sexual anatomy / sexual acts,other / general insult,,2.8,Severe
940,mfing,motherfucker,,,sexual anatomy / sexual acts,,,1.8,Strong
941,mfk,motherfucker,,,sexual anatomy / sexual acts,other / general insult,,1.6,Strong
942,mfs,motherfucker,,,sexual anatomy / sexual acts,,,2.2,Strong
943,mfukk,motherfucker,,,sexual anatomy / sexual acts,other / general insult,,3.0,Severe
944,mfukker,motherfucker,,,sexual anatomy / sexual acts,other / general insult,,2.8,Severe
945,milf,milf,,,sexual anatomy / sexual acts,,,1.8,Strong
946,mindfuck,motherfucker,,,sexual anatomy / sexual acts,,,2.2,Strong
947,mof0es,motherfucker,,,sexual anatomy / sexual acts,other / general insult,,2.2,Strong
949,mofcker,motherfucker,,,sexual anatomy / sexual acts,other / general insult,,2.6,Severe
950,mofo,motherfucker,,,sexual anatomy / sexual acts,,,2.0,Strong
951,mofo ass,motherfucker,ass,,sexual anatomy / sexual acts,,,2.4,Strong
953,mofos,motherfucker,,,sexual anatomy / sexual acts,other / general insult,,2.0,Strong
954,mofoshit,motherfucker,shit,,sexual anatomy / sexual acts,bodily fluids / excrement,,2.2,Strong
955,mofuccers,motherfucker,,,sexual anatomy / sexual acts,,,2.4,Strong
956,mofucckers,motherfucker,,,sexual anatomy / sexual acts,other / general insult,,2.4,Strong
957,mofuck,motherfucker,,,sexual anatomy / sexual acts,,,2.8,Severe
959,mofuckkas,motherfucker,,,sexual anatomy / sexual acts,other / general insult,,2.4,Strong
961,mofukkas,motherfucker,,,sexual anatomy / sexual acts,other / general insult,,2.4,Strong
962,molester,molest,,,sexual anatomy / sexual acts,other / general insult,,2.2,Strong
966,motha fucka,motherfucker,,,sexual anatomy / sexual acts,other / general insult,,2.8,Severe
967,motha fucker,motherfucker,,,sexual anatomy / sexual acts,,,2.4,Strong
968,motha fuckers,motherfucker,,,sexual anatomy / sexual acts,other / general insult,,3.0,Severe
969,mothaf@cked,motherfucker,,,sexual anatomy / sexual acts,,,2.6,Severe
970,mothafcked,motherfucker,,,sexual anatomy / sexual acts,other / general insult,,2.6,Severe
971,mothafcking,motherfucker,,,sexual anatomy / sexual acts,other / general insult,,2.8,Severe
972,Mothafucc,motherfucker,,,sexual anatomy / sexual acts,other / general insult,,2.8,Severe
973,mothafucced,motherfucker,,,sexual anatomy / sexual acts,,,2.6,Severe
974,mothafuccer,motherfucker,,,sexual anatomy / sexual acts,,,3.0,Severe
975,mothafuccing,motherfucker,,,sexual anatomy / sexual acts,,,3.0,Severe
976,mothafuck,motherfucker,,,sexual anatomy / sexual acts,other / general insult,,2.8,Severe
977,mothafucka,motherfucker,,,sexual anatomy / sexual acts,other / general insult,,2.8,Severe
978,mothafuckas,motherfucker,,,sexual anatomy / sexual acts,other / general insult,,2.6,Severe
979,mothafuckasses,motherfucker,ass,,sexual anatomy / sexual acts,other / general insult,,3.0,Severe
980,mothafuckaz,motherfucker,,,sexual anatomy / sexual acts,,,2.6,Severe
981,mothafuckazzes,motherfucker,,,sexual anatomy / sexual acts,,,3.0,Severe
982,mothafucked,motherfucker,,,sexual anatomy / sexual acts,other / general insult,,2.8,Severe
983,mothafuckeds,motherfucker,,,sexual anatomy / sexual acts,,,2.8,Severe
984,mothafucker,motherfucker,,,sexual anatomy / sexual acts,other / general insult,,3.0,Severe
985,mothafuckers,motherfucker,,,sexual anatomy / sexual acts,,,2.6,Severe
986,mothafuckin,motherfucker,,,sexual anatomy / sexual acts,other / general insult,,2.6,Severe
987,mothafucking,motherfucker,,,sexual anatomy / sexual acts,,,3.0,Severe
988,mothafuckings,motherfucker,,,sexual anatomy / sexual acts,other / general insult,,2.8,Severe
989,mothafuckins,motherfucker,,,sexual anatomy / sexual acts,,,2.6,Severe
990,mothafucks,motherfucker,,,sexual anatomy / sexual acts,,,2.8,Severe
991,mothafuckz,motherfucker,,,sexual anatomy / sexual acts,other / general insult,,2.6,Severe
992,mothafvcked,motherfucker,,,sexual anatomy / sexual acts,,,2.8,Severe
993,mother effer,motherfucker,,,sexual anatomy / sexual acts,,,2.2,Strong
994,mother fuck,motherfucker,,,sexual anatomy / sexual acts,other / general insult,,2.8,Severe
995,mother fuck you,motherfucker,,,sexual anatomy / sexual acts,,,2.6,Severe
996,mother fucka,motherfucker,,,sexual anatomy / sexual acts,other / general insult,,2.8,Severe
997,mother fucker,motherfucker,,,sexual anatomy / sexual acts,other / general insult,,3.0,Severe
998,mother fuckers,motherfucker,,,sexual anatomy / sexual acts,,,3.0,Severe
999,mother fucking,motherfucker,,,sexual anatomy / sexual acts,other / general insult,,3.0,Severe
1000,mothercker,motherfucker,,,sexual anatomy / sexual acts,other / general insult,,2.2,Strong
1001,motherf@kka,motherfucker,,,sexual anatomy / sexual acts,sexual orientation / gender,,2.6,Severe
1002,motherfacking,motherfucker,,,sexual anatomy / sexual acts,other / general insult,,2.4,Strong
1003,motherfcked,motherfucker,,,sexual anatomy / sexual acts,other / general insult,,2.8,Severe
1004,motherfckin,motherfucker,,,sexual anatomy / sexual acts,,,3.0,Severe
1005,motherfcking,motherfucker,,,sexual anatomy / sexual acts,,,3.0,Severe
1006,motherfcks,motherfucker,,,sexual anatomy / sexual acts,other / general insult,,2.8,Severe
1007,motherfckshit,motherfucker,shit,,sexual anatomy / sexual acts,other / general insult,bodily fluids / excrement,2.8,Severe
1008,motherfecka,motherfucker,,,sexual anatomy / sexual acts,,,2.4,Strong
1009,motherfecker,motherfucker,,,sexual anatomy / sexual acts,,,2.8,Severe
1010,motherfk,motherfucker,,,sexual anatomy / sexual acts,other / general insult,,2.8,Severe
1011,motherfucca,motherfucker,,,sexual anatomy / sexual acts,other / general insult,,2.6,Severe
1012,motherfuccas,motherfucker,,,sexual anatomy / sexual acts,other / general insult,,3.0,Severe
1013,motherfuccers,motherfucker,,,sexual anatomy / sexual acts,,,3.0,Severe
1014,motherfuck,motherfucker,,,sexual anatomy / sexual acts,other / general insult,,2.4,Strong
1015,motherfucked,motherfucker,,,sexual anatomy / sexual acts,,,3.0,Severe
1016,motherfuckeds,motherfucker,,,sexual anatomy / sexual acts,,,3.0,Severe
1017,motherfucker,motherfucker,,,sexual anatomy / sexual acts,other / general insult,,3.0,Severe
1018,motherfuckers,motherfucker,,,sexual anatomy / sexual acts,other / general insult,,2.8,Severe
1019,motherfuckin,motherfucker,,,sexual anatomy / sexual acts,other / general insult,,2.6,Severe
1020,motherfucking,motherfucker,,,sexual anatomy / sexual acts,other / general insult,,2.8,Severe
1021,motherfuckings,motherfucker,,,sexual anatomy / sexual acts,other / general insult,,2.8,Severe
1022,motherfuckingshit,motherfucker,shit,,sexual anatomy / sexual acts,bodily fluids / excrement,other / general insult,2.8,Severe
1023,motherfuckins,motherfucker,,,sexual anatomy / sexual acts,other / general insult,,2.8,Severe
1024,motherfuckka,motherfucker,,,sexual anatomy / sexual acts,other / general insult,,3.0,Severe
1025,motherfuckkas,motherfucker,,,sexual anatomy / sexual acts,,,3.0,Severe
1026,motherfuckkers,motherfucker,,,sexual anatomy / sexual acts,,,3.0,Severe
1027,motherfucks,motherfucker,,,sexual anatomy / sexual acts,sexual orientation / gender,,3.0,Severe
1028,motherfukka,motherfucker,,,sexual anatomy / sexual acts,other / general insult,,3.0,Severe
1029,motherfukker,motherfucker,,,sexual anatomy / sexual acts,other / general insult,,3.0,Severe
1030,motherfukkings,motherfucker,,,sexual anatomy / sexual acts,other / general insult,,2.6,Severe
1031,motherfvck,motherfucker,,,sexual anatomy / sexual acts,,,2.6,Severe
1032,motherfvcked,motherfucker,,,sexual anatomy / sexual acts,other / general insult,,2.6,Severe
1033,motherfvckeds,motherfucker,,,sexual anatomy / sexual acts,other / general insult,,2.2,Strong
1034,motherfvcker,motherfucker,,,sexual anatomy / sexual acts,other / general insult,,3.0,Severe
1035,motherfvckers,motherfucker,,,sexual anatomy / sexual acts,other / general insult,,2.8,Severe
1036,motherfvcking,motherfucker,,,sexual anatomy / sexual acts,other / general insult,,2.8,Severe
1038,motherfxcking,motherfucker,,,sexual anatomy / sexual acts,,,2.6,Severe
1039,mothfck,motherfucker,,,sexual anatomy / sexual acts,other / general insult,,2.6,Severe
1040,mothter fuck,motherfucker,,,sexual anatomy / sexual acts,,,3.0,Severe
1041,mtherfuker,motherfucker,,,sexual anatomy / sexual acts,,,3.0,Severe
1042,mthrfcker,motherfucker,,,sexual anatomy / sexual acts,,,2.6,Severe
1043,muddafukkas,motherfucker,,,sexual anatomy / sexual acts,other / general insult,,3.0,Severe
1044,mudderfuk,motherfucker,,,sexual anatomy / sexual acts,other / general insult,,2.2,Strong
1045,mudderfukker,motherfucker,,,sexual anatomy / sexual acts,,,2.6,Severe
1046,mufdive,muff,,,sexual anatomy / sexual acts,,,1.8,Strong
1047,mufdivin,muff,,,sexual anatomy / sexual acts,,,2.8,Severe
1048,muff,muff,,,sexual anatomy / sexual acts,,,1.4,Mild
1049,muffdiving,muff,,,sexual anatomy / sexual acts,,,2.0,Strong
1050,muffdivings,muff,,,sexual anatomy / sexual acts,,,2.2,Strong
1051,muffindivin,muff,,,sexual anatomy / sexual acts,,,1.8,Strong
1052,muffindiving,muff,,,sexual anatomy / sexual acts,,,1.8,Strong
1053,muhfucking,motherfucker,,,sexual anatomy / sexual acts,,,2.4,Strong
1054,mushroom tip,mushroom tip,,,sexual anatomy / sexual acts,,,1.4,Mild
1055,mutha fucka,motherfucker,,,sexual anatomy / sexual acts,other / general insult,,2.8,Severe
1056,mutha fucker,motherfucker,,,sexual anatomy / sexual acts,other / general insult,,2.4,Strong
1057,muthafecker,motherfucker,,,sexual anatomy / sexual acts,,,2.8,Severe
1058,muthafeckers,motherfucker,,,sexual anatomy / sexual acts,,,3.0,Severe
1059,muthafucka,motherfucker,,,sexual anatomy / sexual acts,other / general insult,,2.8,Severe
1060,muthafuckers,motherfucker,,,sexual anatomy / sexual acts,other / general insult,,3.0,Severe
1061,muthafuckings,motherfucker,,,sexual anatomy / sexual acts,other / general insult,,3.0,Severe
1062,muthafuckker,motherfucker,,,sexual anatomy / sexual acts,other / general insult,,3.0,Severe
1063,muthafuckkers,motherfucker,,,sexual anatomy / sexual acts,,,2.8,Severe
1064,muthafukka,motherfucker,,,sexual anatomy / sexual acts,,,3.0,Severe
1065,mutherfucker,motherfucker,,,sexual anatomy / sexual acts,other / general insult,,2.6,Severe
1066,mutherfuckers,motherfucker,,,sexual anatomy / sexual acts,other / general insult,,2.8,Severe
1067,n0bhead,knob,,,sexual anatomy / sexual acts,,,1.6,Strong
1068,n0bj0cky,knob,,,sexual anatomy / sexual acts,sexual orientation / gender,,2.4,Strong
1140,nip,nipple,,,sexual anatomy / sexual acts,,,2.0,Strong
1141,nob jockey,knob,,,sexual anatomy / sexual acts,sexual orientation / gender,,2.2,Strong
1142,nob jokeys,knob,,,sexual anatomy / sexual acts,sexual orientation / gender,,1.8,Strong
1143,nobbyhead,knob,,,sexual anatomy / sexual acts,,,1.4,Mild
1144,nobhead,knob,,,sexual anatomy / sexual acts,,,1.6,Strong
1145,nobheads,knob,,,sexual anatomy / sexual acts,,,1.4,Mild
1146,nobj0key,knob,,,sexual anatomy / sexual acts,sexual orientation / gender,,1.8,Strong
1147,nobjockies,knob,,,sexual anatomy / sexual acts,sexual orientation / gender,,1.8,Strong
1148,nobjocky,knob,,,sexual anatomy / sexual acts,sexual orientation / gender,,2.4,Strong
1149,nobjokey,knob,,,sexual anatomy / sexual acts,sexual orientation / gender,,2.0,Strong
1150,nobjokeys,knob,,,sexual orientation / gender,,,1.8,Strong
1151,nobs,knob,,,sexual anatomy / sexual acts,,,1.2,Mild
1155,nut butter,nut butter,,,bodily fluids / excrement,,,1.4,Mild
1156,nutsack,nutsack,,,sexual anatomy / sexual acts,,,1.8,Strong
1157,nutsacks,nutsack,,,sexual anatomy / sexual acts,,,1.6,Strong
1158,nympho,nymph,,,sexual anatomy / sexual acts,sexual orientation / gender,,1.0,Mild
1160,octopussy,pussy,,,sexual anatomy / sexual acts,,,1.2,Mild
1162,p3n1shead,penis,,,sexual anatomy / sexual acts,,,1.8,Strong
1163,p3nisfcker,penis,fuck,,sexual anatomy / sexual acts,sexual orientation / gender,,3.0,Severe
1164,p3nisfcukers,fuck,penis,,sexual anatomy / sexual acts,sexual orientation / gender,,2.8,Severe
1165,p3nisfvcker,penis,fuck,,sexual anatomy / sexual acts,sexual orientation / gender,,2.8,Severe
1166,p3nisfvckers,penis,fuck,,sexual anatomy / sexual acts,sexual orientation / gender,,2.8,Severe
1167,pack my fudge,fudge packer,,,sexual anatomy / sexual acts,bodily fluids / excrement,,2.0,Strong
1168,packerfudgehead,fudge packer,,,sexual anatomy / sexual acts,bodily fluids / excrement,,2.2,Strong
1169,packing fudge,fudge packer,,,sexual anatomy / sexual acts,bodily fluids / excrement,,2.4,Strong
1170,packing fudgehead,fudge packer,,,bodily fluids / excrement,sexual anatomy / sexual acts,sexual orientation / gender,1.8,Strong
1171,packingfudge,fudge packer,,,sexual anatomy / sexual acts,bodily fluids / excrement,,2.4,Strong
1172,packingfudgefucker,fudge packer,fuck,,sexual anatomy / sexual acts,sexual orientation / gender,bodily fluids / excrement,2.8,Severe
1173,packingfudgefucking,fudge packer,fuck,,sexual anatomy / sexual acts,sexual orientation / gender,bodily fluids / excrement,2.4,Strong
1174,packsomefudgefucker,fudge packer,fuck,,sexual anatomy / sexual acts,sexual orientation / gender,bodily fluids / excrement,2.4,Strong
1176,palm jockey,palm jockey,,,sexual anatomy / sexual acts,,,1.2,Mild
1178,pecker,pecker,,,sexual anatomy / sexual acts,,,1.4,Mild
1179,peckerhead,pecker,,,sexual anatomy / sexual acts,,,1.6,Strong
1180,pedo,pedophile,,,sexual anatomy / sexual acts,other / general insult,,2.2,Strong
1181,pedobear,pedophile,,,sexual orientation / gender,,,2.0,Strong
1183,pedophl,pedophile,,,sexual anatomy / sexual acts,other / general insult,,2.2,Strong
1185,pedoz,pedophile,,,sexual anatomy / sexual acts,other / general insult,,2.0,Strong
1186,peen,penis,,,sexual anatomy / sexual acts,,,1.0,Mild
1187,peener,penis,,,sexual anatomy / sexual acts,,,1.0,Mild
1188,penisfcker,penis,fuck,,sexual anatomy / sexual acts,sexual orientation / gender,,3.0,Severe
1189,penisfuccer,penis,fuck,,sexual anatomy / sexual acts,sexual orientation / gender,,2.8,Severe
1190,penisfucker,fuck,penis,,sexual anatomy / sexual acts,,,3.0,Severe
1191,penisfuckers,fuck,penis,,sexual anatomy / sexual acts,sexual orientation / gender,,3.0,Severe
1192,penisfvcker,penis,fuck,,sexual anatomy / sexual acts,sexual orientation / gender,,3.0,Severe
1193,penisfvckers,penis,fuck,,sexual anatomy / sexual acts,sexual orientation / gender,,2.8,Severe
1194,penishead,penis,,,sexual anatomy / sexual acts,,,1.4,Mild
1195,peter,peter puffer,,,sexual anatomy / sexual acts,,,1.0,Mild
1196,peter puffer,peter puffer,,,sexual orientation / gender,sexual anatomy / sexual acts,,1.8,Strong
1197,ph@ggots,faggot,,,sexual orientation / gender,,,2.8,Severe
1198,phaggot,faggot,,,sexual orientation / gender,,,2.8,Severe
1199,phaggots,faggot,,,sexual orientation / gender,,,3.0,Severe
1200,phagot,faggot,,,sexual orientation / gender,,,3.0,Severe
1201,phags,faggot,,,sexual orientation / gender,,,3.0,Severe
1202,phuc,fuck,,,sexual anatomy / sexual acts,,,2.0,Strong
1203,phucc,fuck,,,sexual anatomy / sexual acts,,,2.0,Strong
1204,phuccer,fuck,,,sexual anatomy / sexual acts,other / general insult,,2.2,Strong
1205,phucchead,fuck,,,sexual anatomy / sexual acts,other / general insult,,2.0,Strong
1206,phuccing,fuck,,,sexual anatomy / sexual acts,other / general insult,,1.8,Strong
1207,phuck,fuck,,,sexual anatomy / sexual acts,other / general insult,,2.2,Strong
1208,phuck3r,fuck,,,sexual anatomy / sexual acts,other / general insult,,1.8,Strong
1209,phucked,fuck,,,sexual anatomy / sexual acts,,,2.0,Strong
1210,phucker,fuck,,,sexual anatomy / sexual acts,,,2.2,Strong
1211,phuckin,fuck,,,sexual anatomy / sexual acts,,,2.0,Strong
1212,phucking,fuck,,,sexual anatomy / sexual acts,other / general insult,,2.4,Strong
1213,phuckings,fuck,,,sexual anatomy / sexual acts,,,2.4,Strong
1214,phucks,fuck,,,sexual anatomy / sexual acts,other / general insult,,2.0,Strong
1215,phucup,fuck,,,sexual anatomy / sexual acts,,,1.8,Strong
1216,phuk,fuck,,,sexual anatomy / sexual acts,other / general insult,,2.0,Strong
1217,phuked,fuck,,,sexual anatomy / sexual acts,other / general insult,,2.2,Strong
1218,phukeds,fuck,,,sexual anatomy / sexual acts,,,2.0,Strong
1219,phukhead,fuck,,,sexual anatomy / sexual acts,,,2.4,Strong
1220,phuking,fuck,,,sexual anatomy / sexual acts,,,2.2,Strong
1221,phukings,fuck,,,sexual anatomy / sexual acts,other / general insult,,2.2,Strong
1222,phukk,fuck,,,sexual anatomy / sexual acts,other / general insult,,1.8,Strong
1223,phukked,fuck,,,sexual anatomy / sexual acts,other / general insult,,2.0,Strong
1224,phukkeds,fuck,,,sexual anatomy / sexual acts,other / general insult,,2.0,Strong
1225,phukker,fuck,,,sexual anatomy / sexual acts,,,2.2,Strong
1226,Phukking,fuck,,,sexual anatomy / sexual acts,other / general insult,,1.8,Strong
1227,phuks,fuck,,,sexual anatomy / sexual acts,other / general insult,,2.2,Strong
1228,phukshit,fuck,shit,,sexual anatomy / sexual acts,bodily fluids / excrement,,2.2,Strong
1229,phuku,fuck,,,sexual anatomy / sexual acts,,,2.2,Strong
1230,phukup,fuck,,,sexual anatomy / sexual acts,other / general insult,,1.8,Strong
1231,phuq,fuck,,,sexual anatomy / sexual acts,other / general insult,,2.2,Strong
1232,phuqs,fuck,,,sexual anatomy / sexual acts,other / general insult,,1.8,Strong
1233,phvckings,fuck,,,sexual anatomy / sexual acts,,,2.2,Strong
1234,pig fucker,fuck,pig,,sexual anatomy / sexual acts,animal references,,2.8,Severe
1235,pigfucker,fuck,pig,,sexual anatomy / sexual acts,animal references,,2.6,Severe
1236,pigfuckers,fuck,pig,,sexual anatomy / sexual acts,animal references,,3.0,Severe
1237,pigfucking,fuck,pig,,sexual anatomy / sexual acts,animal references,,2.6,Severe
1238,pigfukker,fuck,pig,,sexual anatomy / sexual acts,animal references,,2.8,Severe
1239,piggyfuck,fuck,pig,,sexual anatomy / sexual acts,animal references,,3.0,Severe
1240,pigshit,shit,pig,,bodily fluids / excrement,animal references,,1.4,Mild
1241,pillow biter,pillow biter,,,sexual anatomy / sexual acts,,,2.4,Strong
1242,pillow-biter,pillow biter,,,sexual orientation / gender,,,1.6,Strong
1243,piss face,piss,,,bodily fluids / excrement,,,1.4,Mild
1244,piss off fuckhead,fuck,,,sexual anatomy / sexual acts,bodily fluids / excrement,,3.0,Severe
1245,piss shit,piss,shit,,bodily fluids / excrement,,,1.4,Mild
1246,pissoff,piss,,,bodily fluids / excrement,,,1.2,Mild
1247,pissoffs,piss,,,bodily fluids / excrement,other / general insult,,1.4,Mild
1248,pole licker,pole licker,,,sexual anatomy / sexual acts,,,2.2,Strong
1249,pole smoker,pole smoker,,,sexual anatomy / sexual acts,,,2.0,Strong
1250,pole sucker,pole sucker,,,sexual anatomy / sexual acts,,,1.8,Strong
1251,polesmoker,polesmoker,,,sexual anatomy / sexual acts,sexual orientation / gender,,2.2,Strong
1253,prick,prick,,,sexual anatomy / sexual acts,,,1.0,Mild
1254,prick-face,prick,,,sexual anatomy / sexual acts,,,1.2,Mild
1255,prick-gobbler,prick,,,sexual anatomy / sexual acts,,,2.2,Strong
1256,prick-head,prick,,,sexual anatomy / sexual acts,,,1.8,Strong
1257,pricks,prick,,,sexual anatomy / sexual acts,,,1.0,Mild
1258,pu$sy,pussy,,,sexual anatomy / sexual acts,,,1.6,Strong
1259,pu55y,pussy,,,sexual anatomy / sexual acts,,,1.6,Strong
1260,pull the pud,pull the pud,,,sexual anatomy / sexual acts,,,1.2,Mild
1261,punani,punani,,,sexual anatomy / sexual acts,,,1.8,Strong
1262,punk ass mofoes,motherfucker,ass,,sexual anatomy / sexual acts,other / general insult,,2.8,Severe
1264,puss,pussy,,,sexual anatomy / sexual acts,,,1.4,Mild
1265,pusses,pussy,,,sexual anatomy / sexual acts,,,1.4,Mild
1266,pussie,pussy,,,sexual anatomy / sexual acts,,,2.0,Strong
1267,pussies,pussy,,,sexual anatomy / sexual acts,sexual orientation / gender,,1.0,Mild
1268,pussless,pussy,,,sexual anatomy / sexual acts,,,2.0,Strong
1269,pusslicker,pussy,,,sexual anatomy / sexual acts,,,2.2,Strong
1270,pussy,pussy,,,sexual anatomy / sexual acts,,,1.4,Mild
1271,pussy cat,pussy,,,sexual anatomy / sexual acts,,,1.4,Mild
1272,pussy fucker,fuck,,,sexual anatomy / sexual acts,,,2.8,Severe
1273,pussy lick,pussy,,,sexual anatomy / sexual acts,,,2.4,Strong
1274,pussy licker,pussy,,,sexual anatomy / sexual acts,,,2.4,Strong
1275,pussy licking,pussy,,,sexual anatomy / sexual acts,,,2.4,Strong
1276,pussylickers,pussy,,,sexual anatomy / sexual acts,,,2.8,Severe
1277,pussys,pussy,,,sexual anatomy / sexual acts,,,2.0,Strong
1278,pussywhipped,pussy,,,sexual anatomy / sexual acts,,,1.8,Strong
1279,puta,punta,,,sexual orientation / gender,,,1.8,Strong
1280,puussy,pussy,,,sexual anatomy / sexual acts,,,1.4,Mild
1281,puzzies,pussy,,,sexual anatomy / sexual acts,,,1.4,Mild
1282,puzzy,pussy,,,sexual anatomy / sexual acts,,,1.2,Mild
1283,queerasses,queer,ass,,sexual orientation / gender,,,3.0,Severe
1284,queers,queer,,,sexual orientation / gender,,,1.8,Strong
1291,ramrod,ramrod,,,sexual anatomy / sexual acts,,,1.0,Mild
1294,reacharound,reacharound,,,sexual anatomy / sexual acts,,,1.2,Mild
1295,rectum,rectum,,,sexual anatomy / sexual acts,,,1.0,Mild
1301,rim job,rim job,,,sexual anatomy / sexual acts,,,2.0,Strong
1302,s_h_i_,shit,,,bodily fluids / excrement,,,1.2,Mild
1303,s_h_i_s,shit,,,bodily fluids / excrement,,,1.0,Mild
1304,s-lut,slut,,,sexual orientation / gender,,,1.8,Strong
1307,s/h/i/t,shit,,,bodily fluids / excrement,,,1.0,Mild
1308,S&M,sadomasochism,,,sexual anatomy / sexual acts,,,1.0,Mild
1309,sack,ballsack,,,sexual anatomy / sexual acts,,,1.0,Mild
1310,salad tosser,salad tosser,,,sexual anatomy / sexual acts,,,2.0,Strong
1313,sausage jockey,sausage jockey,,,sexual anatomy / sexual acts,,,2.6,Severe
1314,scamfuck,fuck,,,sexual anatomy / sexual acts,other / general insult,,2.4,Strong
1315,schlong,schlong,,,sexual anatomy / sexual acts,,,1.0,Mild
1316,scumfuck,fuck,scum,,sexual anatomy / sexual acts,other / general insult,,2.8,Severe
1317,scumfucker,fuck,scum,,sexual anatomy / sexual acts,other / general insult,,2.8,Severe
1318,scumfvck,fuck,scum,,sexual anatomy / sexual acts,other / general insult,,2.4,Strong
1321,sh! +,shit,,,bodily fluids / excrement,,,1.2,Mild
1322,sh!+,shit,,,bodily fluids / excrement,,,1.0,Mild
1323,sh1s,shit,,,bodily fluids / excrement,,,1.0,Mild
1324,sh1t,shit,,,bodily fluids / excrement,,,1.2,Mild
1325,sh1t3,shit,,,bodily fluids / excrement,,,1.0,Mild
1326,sh1td1ck,shit,dick,,bodily fluids / excrement,,,2.0,Strong
1327,sh1tdick,shit,dick,,sexual anatomy / sexual acts,,,2.4,Strong
1328,sh1te,shit,,,bodily fluids / excrement,,,1.0,Mild
1330,sh1th3ad,shit,,,bodily fluids / excrement,mental disability,,2.0,Strong
1331,sh1theads,shit,,,bodily fluids / excrement,other / general insult,,2.0,Strong
1332,sh1ts,shit,,,bodily fluids / excrement,,,1.0,Mild
1333,sh1tsome,shit,,,bodily fluids / excrement,,,1.2,Mild
1334,sh1tt,shit,,,bodily fluids / excrement,,,1.0,Mild
1335,sh1tty,shit,,,bodily fluids / excrement,,,1.2,Mild
1336,sh3mal3,shemale,,,sexual orientation / gender,,,2.6,Severe
1337,sh3male,shemale,,,sexual orientation / gender,,,2.4,Strong
1338,shat,shit,,,bodily fluids / excrement,,,1.2,Mild
1339,she-male,shemale,,,sexual orientation / gender,,,2.8,Severe
1340,sheeeet,shit,,,bodily fluids / excrement,,,1.0,Mild
1343,shemal3,shemale,,,sexual orientation / gender,,,1.8,Strong
1344,shemale,shemale,,,sexual orientation / gender,,,2.6,Severe
1345,shemales,shemale,,,sexual orientation / gender,,,1.8,Strong
1346,shet,shit,,,bodily fluids / excrement,,,1.0,Mild
1347,shi+,shit,,,bodily fluids / excrement,,,1.0,Mild
1348,shi+e,shit,,,bodily fluids / excrement,,,1.0,Mild
1349,shi+y,shit,,,bodily fluids / excrement,,,1.0,Mild
1350,shiat,shit,,,bodily fluids / excrement,,,1.0,Mild
1351,shiddick,shit,dick,,sexual anatomy / sexual acts,bodily fluids / excrement,,2.0,Strong
1353,shiesterfuck,fuck,shit,,sexual anatomy / sexual acts,racial / ethnic slurs,,2.2,Strong
1354,shiesterfuckface,fuck,shit,,sexual anatomy / sexual acts,racial / ethnic slurs,,2.8,Severe
1355,shiesterfuckhead,fuck,shit,,sexual anatomy / sexual acts,racial / ethnic slurs,,2.2,Strong
1356,shiesterfucks,fuck,shit,,sexual anatomy / sexual acts,racial / ethnic slurs,,2.4,Strong
1357,shipdit,shit,,,bodily fluids / excrement,,,1.4,Mild
1358,shit,shit,,,bodily fluids / excrement,,,1.2,Mild
1359,shit face,shit,,,bodily fluids / excrement,physical attributes,,1.8,Strong
1360,shit for brains,shit,,,bodily fluids / excrement,mental disability,,1.6,Strong
1362,shit fucker,fuck,shit,,sexual anatomy / sexual acts,bodily fluids / excrement,,2.8,Severe
1363,shit head,shit,,,bodily fluids / excrement,,,1.8,Strong
1364,shit licker,shit,,,bodily fluids / excrement,sexual anatomy / sexual acts,,2.0,Strong
1365,shit stain,shit,,,bodily fluids / excrement,,,1.8,Strong
1366,shit-arse,shit,arse,,sexual anatomy / sexual acts,,,1.6,Strong
1367,shit-ass,shit,ass,,bodily fluids / excrement,,,2.0,Strong
1368,shit-bandit,shit,,,bodily fluids / excrement,other / general insult,,1.6,Strong
1369,shit-fucker,fuck,shit,,sexual anatomy / sexual acts,bodily fluids / excrement,,2.6,Severe
1370,shit-stuffers,shit,,,sexual anatomy / sexual acts,bodily fluids / excrement,,1.8,Strong
1371,shit3,shit,,,bodily fluids / excrement,,,1.0,Mild
1372,shitass,shit,ass,,sexual anatomy / sexual acts,bodily fluids / excrement,,2.0,Strong
1373,shitasses,shit,ass,,sexual anatomy / sexual acts,bodily fluids / excrement,,2.0,Strong
1374,shitassfucker,fuck,shit,ass,sexual anatomy / sexual acts,bodily fluids / excrement,,2.6,Severe
1375,shitassfuckface,fuck,shit,ass,sexual anatomy / sexual acts,bodily fluids / excrement,other / general insult,2.8,Severe
1376,shitbag,shit,,,bodily fluids / excrement,,,2.0,Strong
1377,shitbird,shit,,,bodily fluids / excrement,,,1.8,Strong
1378,shitblimp,shit,,,bodily fluids / excrement,physical attributes,,1.6,Strong
1379,shitblimps,shit,,,bodily fluids / excrement,physical attributes,,1.6,Strong
1380,shitbrain,shit,,,bodily fluids / excrement,,,2.0,Strong
1381,shitd1ck,shit,dick,,sexual anatomy / sexual acts,bodily fluids / excrement,,2.0,Strong
1382,shitdick,shit,dick,,sexual anatomy / sexual acts,bodily fluids / excrement,,2.4,Strong
1383,shitdicks,shit,dick,,sexual anatomy / sexual acts,bodily fluids / excrement,,2.0,Strong
1384,shitdikk,shit,dick,,bodily fluids / excrement,,,2.0,Strong
1385,shitdip,shit,,,bodily fluids / excrement,,,1.8,Strong
1386,shite,shit,,,bodily fluids / excrement,,,1.0,Mild
1387,shiteblimps,shit,,,bodily fluids / excrement,,,1.8,Strong
1388,shited,shit,,,bodily fluids / excrement,,,1.2,Mild
1389,shitedick,shit,dick,,sexual anatomy / sexual acts,,,2.0,Strong
1390,shitefuck,fuck,shit,,sexual anatomy / sexual acts,bodily fluids / excrement,,1.6,Strong
1391,shitefulls,shit,,,bodily fluids / excrement,,,1.8,Strong
1392,shitehead,shit,,,bodily fluids / excrement,,,1.8,Strong
1393,shites,shit,,,bodily fluids / excrement,,,1.0,Mild
1394,shitey,shit,,,bodily fluids / excrement,,,1.2,Mild
1395,shitface,shit,,,bodily fluids / excrement,,,2.0,Strong
1396,shitfaced,shit,,,bodily fluids / excrement,physical attributes,,1.2,Mild
1397,shitfacefuck,fuck,shit,,sexual anatomy / sexual acts,bodily fluids / excrement,,2.8,Severe
1398,shitfacefucker,fuck,shit,,sexual anatomy / sexual acts,bodily fluids / excrement,,2.6,Severe
1399,shitfck,shit,fuck,,sexual anatomy / sexual acts,bodily fluids / excrement,,2.4,Strong
1400,shitfk,shit,fuck,,sexual anatomy / sexual acts,bodily fluids / excrement,,1.8,Strong
1401,shitfreak,shit,,,bodily fluids / excrement,,,2.0,Strong
1402,shitfuck,fuck,shit,,sexual anatomy / sexual acts,bodily fluids / excrement,,2.2,Strong
1403,shitfucker,fuck,shit,,sexual anatomy / sexual acts,bodily fluids / excrement,,2.4,Strong
1405,shitfuckmotherfucker,motherfucker,shit,fuck,sexual anatomy / sexual acts,bodily fluids / excrement,other / general insult,2.8,Severe
1406,shitfucks,fuck,shit,,sexual anatomy / sexual acts,,,2.4,Strong
1407,shitfudgefucker,fuck,shit,fudge packer,bodily fluids / excrement,other / general insult,,2.6,Severe
1408,shitfvck,shit,fuck,,sexual anatomy / sexual acts,bodily fluids / excrement,other / general insult,2.2,Strong
1409,shithead,shit,,,bodily fluids / excrement,,,1.8,Strong
1410,shitheadfucker,fuck,shit,,sexual anatomy / sexual acts,,,2.8,Severe
1411,shitheadfuckface,fuck,shit,,sexual anatomy / sexual acts,bodily fluids / excrement,other / general insult,2.4,Strong
1412,shitheads,shit,,,bodily fluids / excrement,,,1.8,Strong
1413,shithole,shit,,,sexual anatomy / sexual acts,bodily fluids / excrement,,1.8,Strong
1414,shits,shit,,,bodily fluids / excrement,,,1.0,Mild
1415,shitsdick,shit,dick,,sexual anatomy / sexual acts,bodily fluids / excrement,,1.8,Strong
1416,shitsfuck,fuck,shit,,sexual anatomy / sexual acts,bodily fluids / excrement,,2.2,Strong
1417,shitsful,shit,,,bodily fluids / excrement,,,1.0,Mild
1418,shittastic,shit,,,bodily fluids / excrement,,,1.2,Mild
1419,shittasticfuck,fuck,shit,,bodily fluids / excrement,,,2.2,Strong
1420,shitte,shit,,,bodily fluids / excrement,,,1.0,Mild
1421,shitted,shit,,,bodily fluids / excrement,,,1.2,Mild
1422,shitter,shit,,,bodily fluids / excrement,,,1.0,Mild
1423,shitterfucker,fuck,shit,,sexual anatomy / sexual acts,bodily fluids / excrement,other / general insult,2.6,Severe
1424,shitti,shit,,,bodily fluids / excrement,,,1.0,Mild
1425,shitties,shit,,,bodily fluids / excrement,,,1.0,Mild
1426,shittiest,shit,,,bodily fluids / excrement,,,1.2,Mild
1427,shitting,shit,,,bodily fluids / excrement,,,1.4,Mild
1428,shittings,shit,,,bodily fluids / excrement,,,1.2,Mild
1429,shitty,shit,,,bodily fluids / excrement,,,1.0,Mild
1430,shitty mofoes,shit,motherfucker,,bodily fluids / excrement,sexual anatomy / sexual acts,other / general insult,1.6,Strong
1431,shittydick,shit,dick,,bodily fluids / excrement,sexual anatomy / sexual acts,,2.0,Strong
1432,shittydicks,shit,dick,,sexual anatomy / sexual acts,bodily fluids / excrement,,2.0,Strong
1433,shittyfuck,fuck,shit,,sexual anatomy / sexual acts,bodily fluids / excrement,,1.8,Strong
1434,shittyfuckface,fuck,shit,,sexual anatomy / sexual acts,bodily fluids / excrement,other / general insult,2.2,Strong
1435,shittyful,shit,,,bodily fluids / excrement,,,1.6,Strong
1436,shlong,shlong,,,sexual anatomy / sexual acts,,,1.0,Mild
1437,shmale,shemale,,,sexual orientation / gender,,,1.4,Mild
1441,shytfeisterfuck,fuck,,,sexual anatomy / sexual acts,,,2.6,Severe
1442,sissy,sissy,,,sexual orientation / gender,,,1.0,Mild
1443,sixty-nine,69,,,sexual anatomy / sexual acts,,,1.2,Mild
1444,sk@nks,skank,,,sexual orientation / gender,,,1.6,Strong
1445,sk@nky,skank,,,sexual orientation / gender,,,1.0,Mild
1446,sk@nkz,skank,,,sexual orientation / gender,,,1.4,Mild
1447,skank,skank,,,sexual orientation / gender,,,1.8,Strong
1448,skanks,skank,,,sexual orientation / gender,,,1.2,Mild
1449,skanky,skank,,,sexual orientation / gender,,,1.4,Mild
1450,skankz,skank,,,sexual orientation / gender,,,1.6,Strong
1452,slag,slag,,,sexual orientation / gender,,,1.6,Strong
1457,slanteyeshit,shit,slant eye,,bodily fluids / excrement,racial / ethnic slurs,,3.0,Severe
1460,slit,slit,,,sexual orientation / gender,,,1.6,Strong
1461,slut,slut,,,sexual orientation / gender,,,2.0,Strong
1462,slut hole,slut,,,sexual anatomy / sexual acts,sexual orientation / gender,,2.4,Strong
1463,sluts,slut,,,sexual orientation / gender,,,1.6,Strong
1464,slutty,slut,,,sexual orientation / gender,,,1.8,Strong
1465,snatch,snatch,,,sexual anatomy / sexual acts,,,1.0,Mild
1466,snatch licker,snatch,,,sexual anatomy / sexual acts,,,2.8,Severe
1468,son o bitch,bitch,,,sexual orientation / gender,,,1.6,Strong
1470,son-of-a-bitch,bitch,,,sexual orientation / gender,other / general insult,,1.2,Mild
1471,sonna bitch,bitch,,,sexual orientation / gender,other / general insult,,1.2,Mild
1473,sonofbitches,bitch,,,sexual orientation / gender,other / general insult,,1.0,Mild
1474,sons of b1tches,bitch,,,sexual orientation / gender,,,1.6,Strong
1478,soppy bollucks,bollocks,,,sexual anatomy / sexual acts,,,1.6,Strong
1479,spanking,spank,,,sexual anatomy / sexual acts,,,1.0,Mild
1480,sperm,sperm,,,bodily fluids / excrement,,,1.0,Mild
1481,sphincter,sphincter,,,sexual anatomy / sexual acts,,,1.0,Mild
1483,spicfuck,fuck,spic,,sexual anatomy / sexual acts,racial / ethnic slurs,,3.0,Severe
1486,spicshit,spic,shit,,bodily fluids / excrement,racial / ethnic slurs,,3.0,Severe
1492,spunk,spunk,,,bodily fluids / excrement,,,1.2,Mild
1493,stfu,fuck,,,sexual anatomy / sexual acts,other / general insult,,1.8,Strong
1494,stump chewer,stump chewer,,,sexual anatomy / sexual acts,,,1.4,Mild
1495,stupid fucker,fuck,,,sexual anatomy / sexual acts,other / general insult,,2.4,Strong
1496,stupid hoe,hoe,,,sexual orientation / gender,,,2.4,Strong
1497,stupidasses,ass,,,sexual anatomy / sexual acts,mental disability,,1.0,Mild
1498,suck,suck,,,sexual anatomy / sexual acts,,,1.0,Mild
1499,suck my cock,cock,,,sexual anatomy / sexual acts,,,2.2,Strong
1500,suck my d,dick,,,sexual anatomy / sexual acts,,,1.8,Strong
1501,suck my dick,dick,,,sexual anatomy / sexual acts,,,2.2,Strong
1502,suck off,suck,,,sexual anatomy / sexual acts,,,1.8,Strong
1504,sumbitch,bitch,,,sexual orientation / gender,,,1.6,Strong
1506,swine fucker,fuck,swine,,sexual anatomy / sexual acts,animal references,,2.8,Severe
1508,tadger,tadger,,,sexual anatomy / sexual acts,,,1.4,Mild
1509,taking the piss,taking the piss,,,bodily fluids / excrement,,,1.0,Mild
1510,tallywacker,tallywacker,,,sexual anatomy / sexual acts,,,1.2,Mild
1513,tard asses,ass,,,sexual anatomy / sexual acts,mental disability,,3.0,Severe
1515,throat yogurt,throat yogurt,,,bodily fluids / excrement,,,1.8,Strong
1516,throater,throater,,,sexual anatomy / sexual acts,,,2.4,Strong
1517,tickle the pickle,tickle the pickle,,,sexual anatomy / sexual acts,,,1.2,Mild
1519,tits,tit,,,sexual anatomy / sexual acts,,,1.0,Mild
1520,tongue fucker,fuck,,,sexual anatomy / sexual acts,,,2.4,Strong
1521,tongue fucking,fuck,,,sexual anatomy / sexual acts,,,2.8,Severe
1523,tossing salad,tossing salad,,,sexual anatomy / sexual acts,,,1.8,Strong
1527,tramp,tramp,,,sexual orientation / gender,,,1.6,Strong
1528,Tranny,tranny,,,sexual orientation / gender,,,2.8,Severe
1529,transvestite,transvestite,,,sexual orientation / gender,,,2.4,Strong
1530,trashb1tch,bitch,trash,,sexual orientation / gender,,,1.8,Strong
1531,trashbitch,bitch,trash,,sexual orientation / gender,other / general insult,,2.0,Strong
1532,trashbitches,bitch,trash,,sexual orientation / gender,,,1.4,Mild
1533,trashbitchez,bitch,trash,,sexual orientation / gender,,,1.2,Mild
1534,trashbtch,bitch,trash,,sexual orientation / gender,,,1.4,Mild
1535,trasherbitch,bitch,trash,,sexual orientation / gender,other / general insult,,1.4,Mild
1536,trasherbitchs,bitch,trash,,sexual orientation / gender,,,1.2,Mild
1537,trashybitches,bitch,,,sexual orientation / gender,,,1.8,Strong
1538,trouser snake,trouser snake,,,sexual anatomy / sexual acts,,,1.0,Mild
1539,trousersnake,trousersnake,,,sexual anatomy / sexual acts,,,1.4,Mild
1541,turdhead,turd,,,bodily fluids / excrement,,,1.6,Strong
1542,tw@t,twat,,,sexual anatomy / sexual acts,sexual orientation / gender,,1.8,Strong
1543,twa+,twat,,,sexual anatomy / sexual acts,sexual orientation / gender,,1.2,Mild
1544,twat,twat,,,sexual anatomy / sexual acts,sexual orientation / gender,,1.8,Strong
1545,twat waffle,twat,,,sexual anatomy / sexual acts,sexual orientation / gender,,2.0,Strong
1546,twatface,twat,,,sexual anatomy / sexual acts,sexual orientation / gender,,2.4,Strong
1547,twats,twat,,,sexual anatomy / sexual acts,sexual orientation / gender,,1.6,Strong
1548,twatt,twat,,,sexual anatomy / sexual acts,sexual orientation / gender,,1.6,Strong
1549,twattish,twat,,,sexual anatomy / sexual acts,sexual orientation / gender,,1.6,Strong
1550,twatzilla,twat,,,sexual anatomy / sexual acts,sexual orientation / gender,,2.0,Strong
1551,twink,twink,,,sexual orientation / gender,,,1.2,Mild
1552,upskirts,upskirt,,,sexual anatomy / sexual acts,,,1.4,Mild
1553,useless fucker,fuck,,,sexual anatomy / sexual acts,other / general insult,,2.6,Severe
1554,vag,vagina,,,sexual anatomy / sexual acts,,,1.2,Mild
1555,vajayjay,vagina,,,sexual anatomy / sexual acts,,,1.2,Mild
1556,vulva,vulva,,,sexual anatomy / sexual acts,,,1.0,Mild
1557,w@nker,wank,,,sexual anatomy / sexual acts,other / general insult,,1.2,Mild
1558,w@nkers,wank,,,sexual anatomy / sexual acts,other / general insult,,1.0,Mild
1559,w4nk3r,wank,,,sexual anatomy / sexual acts,other / general insult,,1.6,Strong
1560,w4nker,wank,,,sexual anatomy / sexual acts,other / general insult,,1.0,Mild
1561,wang,wang,,,sexual anatomy / sexual acts,,,1.4,Mild
1562,wang wrangler,wang,,,sexual anatomy / sexual acts,,,2.0,Strong
1563,wank,wank,,,sexual anatomy / sexual acts,other / general insult,,1.0,Mild
1564,wank off,wank,,,sexual anatomy / sexual acts,,,1.0,Mild
1565,wank3r,wank,,,sexual anatomy / sexual acts,other / general insult,,1.0,Mild
1566,wank3rs,wank,,,sexual anatomy / sexual acts,other / general insult,,1.0,Mild
1567,wankbastard,wank,bastard,,sexual anatomy / sexual acts,,,1.8,Strong
1568,wanked,wank,,,sexual anatomy / sexual acts,,,1.2,Mild
1569,wanker,wank,,,sexual anatomy / sexual acts,other / general insult,,1.0,Mild
1570,wankers,wank,,,sexual anatomy / sexual acts,other / general insult,,1.0,Mild
1571,wankies,wank,,,sexual anatomy / sexual acts,,,1.6,Strong
1572,wanking,wank,,,sexual anatomy / sexual acts,,,1.0,Mild
1573,wanks,wank,,,sexual anatomy / sexual acts,,,1.0,Mild
1575,weenie,weenie,,,sexual anatomy / sexual acts,,,1.0,Mild
1576,weiner,weiner,,,sexual anatomy / sexual acts,,,1.0,Mild
1580,wh0r3,whore,,,sexual orientation / gender,,,2.0,Strong
1581,wh0re,whore,,,sexual orientation / gender,,,2.0,Strong
1582,whack off,whack off,,,sexual anatomy / sexual acts,,,1.2,Mild
1584,whoar,whore,,,sexual orientation / gender,,,1.8,Strong
1585,whoars,whore,,,sexual orientation / gender,,,2.0,Strong
1586,whor3,whore,,,sexual orientation / gender,,,1.8,Strong
1587,whore,whore,,,sexual orientation / gender,,,1.8,Strong
1588,whores,whore,,,sexual orientation / gender,,,2.0,Strong
1590,willy-whacker,willy-whacker,,,sexual anatomy / sexual acts,,,1.8,Strong
1592,wise ass,ass,,,sexual anatomy / sexual acts,other / general insult,,1.0,Mild
1593,wnker,wank,,,sexual anatomy / sexual acts,other / general insult,,1.0,Mild
